filename,mean_brightness
dr5rsqb1q2z5-dr5rsqb1rp4e-cds-bd209a4b83760d6b-20160929-2252-1.jpg,1.6697208805907984
dr5rsqb1tw1f-dr5rsqb1tkwq-cds-79ddade2485edbde-20160929-2252-1.jpg,4.134160639337434
dr5rsp7n1kgr-dr5rsp7n1t60-cds-79ddade2485edbde-20160929-2242-74.jpg,11.535548727252339
dr5rsp7bcte0-dr5rsp7b2q2s-cds-79ddade2485edbde-20160929-2242-93.jpg,15.33971008746636
dr5rsphpnbcp-dr5rsphnyw7p-cds-bd209a4b83760d6b-20160929-2242-95.jpg,16.164147603485837
dr5rsn1wzr08-dr5rsn1wzqm6-cds-6fef7e6f017c3f89-20160911-2000-17.jpg,17.566719130462644
dr5rsp76jfg7-dr5rsp73stjj-cds-79ddade2485edbde-20160929-2242-86.jpg,18.638403298410868
dr5rsnzfwb57-dr5rsnzfqeb4-cds-79ddade2485edbde-20160929-2242-157.jpg,21.26349190615789
dr5rsp7nc01k-dr5rsp7n8qw7-cds-79ddade2485edbde-20160929-2242-73.jpg,22.86172235438293
dr5rsphtezj9-dr5rsphtedf7-cds-79ddade2485edbde-20160929-2242-103.jpg,23.06331198737665
dr5rspj5y61z-dr5rspj5tugz-cds-79ddade2485edbde-20160929-2242-115.jpg,23.88647645536973
dr5rsnzhyb42-dr5rsnzhz461-cds-79ddade2485edbde-20160929-2242-146.jpg,24.31638372260669
dr5rspj5z93q-dr5rspj5wce5-cds-79ddade2485edbde-20160929-2242-116.jpg,25.332258025759323
dr5rsn1tk8f4-dr5rsn1t6xtz-cds-6fef7e6f017c3f89-20160911-2000-15.jpg,26.82397745658721
dr5rsp79bnbd-dr5rsp73qweh-cds-79ddade2485edbde-20160929-2242-88.jpg,26.966087262110726
dr5rspjj0h2p-dr5rsphuqp72-cds-79ddade2485edbde-20160929-2242-107.jpg,27.36624034826349
dr5rsphvmd7h-dr5rsphueygh-cds-79ddade2485edbde-20160929-2242-106.jpg,28.7767725554274
dr5rsp7jd46p-dr5rsp7jd6yx-cds-79ddade2485edbde-20160929-2242-75.jpg,28.79944512527233
dr5rsp78frdr-dr5rsp794986-cds-bd209a4b83760d6b-20160929-2242-86.jpg,29.064180543540946
dr5rsp6yrg5h-dr5rsp7n3jc4-cds-bd209a4b83760d6b-20160929-2242-70.jpg,29.30100001601948
dr5rsn4m9c76-dr5rsn4md426-cds-ea91d096e3932939-20160911-1953-76.jpg,29.719943951845444
dr5rsphtxr5s-dr5rsphtq4jg-cds-79ddade2485edbde-20160929-2242-104.jpg,30.113763336216838
dr5rsp73mncc-dr5rsp73t6tc-cds-bd209a4b83760d6b-20160929-2242-83.jpg,30.224057954472638
dr5rsp73ecgj-dr5rsp73sq3n-cds-bd209a4b83760d6b-20160929-2242-82.jpg,30.51805996091247
dr5rsp74vg5h-dr5rsp74y54n-cds-bd209a4b83760d6b-20160929-2242-77.jpg,30.712176006023324
dr5rsp73r48m-dr5rsp73rhx4-cds-bd209a4b83760d6b-20160929-2242-84.jpg,30.98804596389209
dr5rsp78u70g-dr5rsp78u77j-cds-bd209a4b83760d6b-20160929-2242-87.jpg,31.335493460047417
dr5rsnzkkb5z-dr5rsnzkhz1e-cds-79ddade2485edbde-20160929-2242-148.jpg,31.596102360470333
dr5rsp76nfhm-dr5rsp73td25-cds-79ddade2485edbde-20160929-2242-87.jpg,32.1004636638152
dr5rsphq9mtq-dr5rsphq9mjm-cds-bd209a4b83760d6b-20160929-2242-96.jpg,32.10417868127643
dr5rsphpmmqw-dr5rsphphsyd-cds-79ddade2485edbde-20160929-2242-98.jpg,32.70391496059208
dr5rsn1te5vz-dr5rsn1tehh0-cds-ea91d096e3932939-20160911-1953-68.jpg,32.815838059079844
dr5rsp79c7t5-dr5rsp73rfk5-cds-79ddade2485edbde-20160929-2242-89.jpg,32.89039121571831
dr5rsp76hu8y-dr5rsp73g8mf-cds-79ddade2485edbde-20160929-2242-85.jpg,33.37606379357298
dr5rspj7bcp3-dr5rspj5rvzs-cds-79ddade2485edbde-20160929-2242-117.jpg,34.04960131519928
dr5rsp6yyu98-dr5rsp6yzygp-cds-bd209a4b83760d6b-20160929-2242-69.jpg,34.05106359332949
dr5rsp75s10j-dr5rsp75t4kr-cds-bd209a4b83760d6b-20160929-2242-75.jpg,34.12505256391773
dr5rsp7h5d0j-dr5rsp7hh7qw-cds-bd209a4b83760d6b-20160929-2242-74.jpg,34.519674424099705
dr5rsn1wp42f-dr5rsn1wm0zk-cds-6fef7e6f017c3f89-20160911-2000-16.jpg,34.61639553697296
dr5rsphmzuec-dr5rsphtbne7-cds-bd209a4b83760d6b-20160929-2242-98.jpg,34.96843962258106
dr5rspn8342h-dr5rsnyrqm5d-cds-79ddade2485edbde-20160929-2242-136.jpg,35.23908773068051
dr5rspj5un5v-dr5rspj5ggmz-cds-79ddade2485edbde-20160929-2242-114.jpg,35.34933529171472
dr5rsnzecg3p-dr5rsnze9rrq-cds-bd209a4b83760d6b-20160929-2242-146.jpg,35.45300635572857
dr5rsphp9fng-dr5rsphp3wyk-cds-79ddade2485edbde-20160929-2242-97.jpg,35.52956445037165
dr5rsp7hdmk5-dr5rsp7hexjq-cds-bd209a4b83760d6b-20160929-2242-73.jpg,35.58058248830578
dr5rspjhfdf2-dr5rspjh0wr9-cds-79ddade2485edbde-20160929-2242-108.jpg,36.021498642349094
dr5rsp7jb86d-dr5rsp7jf4ek-cds-bd209a4b83760d6b-20160929-2242-71.jpg,36.74290437171601
dr5rspn84rbt-dr5rsnyrr925-cds-79ddade2485edbde-20160929-2242-137.jpg,36.96681014113162
dr5rsnzfjge0-dr5rsnzfqe7y-cds-bd209a4b83760d6b-20160929-2242-153.jpg,37.497994060777906
dr5rsphphpg5-dr5rsphphp1c-cds-bd209a4b83760d6b-20160929-2242-94.jpg,37.51802992438805
dr5rsp7b27sc-dr5rsp7b2t6b-cds-bd209a4b83760d6b-20160929-2242-89.jpg,37.7033913238498
dr5rsn4n63y5-dr5rsn4n6v77-cds-ea91d096e3932939-20160911-1953-74.jpg,37.85579464628989
dr5rspn0sg19-dr5rspn0kqmq-cds-79ddade2485edbde-20160929-2242-130.jpg,37.99833847959118
dr5rspj7459s-dr5rspj74q13-cds-bd209a4b83760d6b-20160929-2242-114.jpg,38.38762535242855
dr5rsqb2gz8w-dr5rsqb2gz3n-cds-bd209a4b83760d6b-20160929-2252-4.jpg,38.449688320998334
dr5rsphus5c7-dr5rsphusjxf-cds-bd209a4b83760d6b-20160929-2242-102.jpg,39.1689704680892
dr5rsn1wzt34-dr5rsn1wzmgy-cds-ea91d096e3932939-20160911-1953-70.jpg,39.17825175413303
dr5rspj9ppzu-dr5rspjc8w4s-cds-bd209a4b83760d6b-20160929-2242-120.jpg,39.58386648164168
dr5rspj6wpn1-dr5rspj6y270-cds-79ddade2485edbde-20160929-2242-120.jpg,40.69719979495066
dr5rspjc3gc1-dr5rspjcd281-cds-79ddade2485edbde-20160929-2242-125.jpg,40.94363796376394
dr5rsp7j1pp0-dr5rsp7j16uq-cds-bd209a4b83760d6b-20160929-2242-72.jpg,40.9783121275471
dr5rspj9sfmk-dr5rspj9yn9c-cds-bd209a4b83760d6b-20160929-2242-119.jpg,41.50284646129694
dr5rsn1z15us-dr5rsn1z0qbu-cds-ea91d096e3932939-20160911-1953-71.jpg,41.54754431388569
dr5rsnzczuz3-dr5rsqb40sx1-cds-bd209a4b83760d6b-20160929-2242-154.jpg,41.582035755478664
dr5rsphuqeyf-dr5rsphuquek-cds-bd209a4b83760d6b-20160929-2242-103.jpg,41.58862877258747
dr5rsp790gk3-dr5rsp791njf-cds-bd209a4b83760d6b-20160929-2242-85.jpg,41.69562638168012
dr5rsphtq6qp-dr5rsphtq37g-cds-bd209a4b83760d6b-20160929-2242-100.jpg,42.18548454921184
dr5rsp5zuvz8-dr5rsp5zvn6g-cds-bd209a4b83760d6b-20160929-2242-91.jpg,42.467943018710756
dr5rsqb1twtn-dr5rsqb1tkxb-cds-79ddade2485edbde-20160929-2242-163.jpg,42.4729586176791
dr5rsp73ch74-dr5rsp73cryr-cds-bd209a4b83760d6b-20160929-2242-80.jpg,42.56299460143534
dr5rsqb1twhu-dr5rsqb1ts36-cds-79ddade2485edbde-20160929-2242-164.jpg,43.48592738770345
dr5rsn1wmsrq-dr5rsn1wmsgc-cds-ea91d096e3932939-20160911-1953-69.jpg,43.582309087850824
dr5rspjhhv1w-dr5rspj5ggqx-cds-bd209a4b83760d6b-20160929-2242-107.jpg,43.65972372404844
dr5rspj9vse0-dr5rspj9vzh5-cds-79ddade2485edbde-20160929-2242-123.jpg,43.67668334694989
dr5rspjhjx0h-dr5rspj5u65q-cds-bd209a4b83760d6b-20160929-2242-108.jpg,43.74265957404204
dr5rspjhjxk0-dr5rspj5u3vd-cds-bd209a4b83760d6b-20160929-2242-109.jpg,43.74681813084711
dr5rsp79g4uj-dr5rsp791mbh-cds-79ddade2485edbde-20160929-2242-90.jpg,44.38597033993336
dr5rspjh1tgt-dr5rspjh17yu-cds-bd209a4b83760d6b-20160929-2242-104.jpg,44.4017875736896
dr5rsnzemjfs-dr5rsnzekgys-cds-bd209a4b83760d6b-20160929-2242-148.jpg,44.94984601275151
dr5rsqb1tw45-dr5rsqb1tkwq-cds-79ddade2485edbde-20160929-2242-165.jpg,45.089309600474174
dr5rsnzff718-dr5rsnzff60t-cds-79ddade2485edbde-20160929-2242-155.jpg,45.37032181132257
dr5rspj5gevn-dr5rspj5gspp-cds-79ddade2485edbde-20160929-2242-113.jpg,45.49714452774574
dr5rsn4jvqmy-dr5rsn4njf4v-cds-ea91d096e3932939-20160911-1953-75.jpg,45.96772225025631
dr5rspn26vhq-dr5rsnyrcmrz-cds-79ddade2485edbde-20160929-2242-133.jpg,46.02086737472767
dr5rsqb1v8zw-dr5rsqb1tksy-cds-79ddade2485edbde-20160929-2242-162.jpg,46.36885402649622
dr5rsnzeq8yv-dr5rsnzenw9j-cds-bd209a4b83760d6b-20160929-2242-149.jpg,46.397785206811484
dr5rsnywx7p9-dr5rsnywrpqm-cds-79ddade2485edbde-20160929-2242-140.jpg,46.997508470299884
dr5rsnyyp83b-dr5rsnyvwwqq-cds-79ddade2485edbde-20160929-2242-143.jpg,47.84305815872101
dr5rspj6tbyu-dr5rspj6wxe2-cds-bd209a4b83760d6b-20160929-2242-116.jpg,47.88283552800205
dr5rsp79ppkw-dr5rsp78twvw-cds-79ddade2485edbde-20160929-2242-92.jpg,48.009604679290014
dr5rsn1z574y-dr5rsn1z5zeh-cds-ea91d096e3932939-20160911-1953-72.jpg,48.16245854959631
dr5rsnzjhfnd-dr5rsnzjhcqh-cds-bd209a4b83760d6b-20160929-2242-141.jpg,48.206389970203766
dr5rspjhhw45-dr5rspj5gspp-cds-bd209a4b83760d6b-20160929-2242-106.jpg,48.23083920046777
dr5rspjbgu3h-dr5rspjchzg9-cds-bd209a4b83760d6b-20160929-2242-122.jpg,48.23349192618224
dr5rspjc16f7-dr5rspjc6x87-cds-bd209a4b83760d6b-20160929-2242-121.jpg,48.605535330962454
dr5rsnyvyhh6-dr5rsnyvvch6-cds-bd209a4b83760d6b-20160929-2242-138.jpg,49.10401798587082
dr5rsp73cdy8-dr5rsp73fjbv-cds-bd209a4b83760d6b-20160929-2242-81.jpg,49.35990314222094
dr5rsphpbpk8-dr5rsp5zxqt2-cds-79ddade2485edbde-20160929-2242-96.jpg,49.4451793380751
dr5rspj7dy4m-dr5rspj7387p-cds-79ddade2485edbde-20160929-2242-118.jpg,50.021918653082146
dr5rsp7b4gv6-dr5rsp7b5j1f-cds-bd209a4b83760d6b-20160929-2242-90.jpg,50.09309870802896
dr5rsp5zz94e-dr5rsp5zxqs8-cds-bd209a4b83760d6b-20160929-2242-92.jpg,50.27518862937332
dr5rsqb35u2z-dr5rsqb352wf-cds-bd209a4b83760d6b-20160929-2252-5.jpg,50.62475019623863
dr5rsp6zr8x8-dr5rsp6zpr02-cds-79ddade2485edbde-20160929-2242-72.jpg,51.0138318194925
dr5rsnz7zj83-dr5rsnz7zpn6-cds-79ddade2485edbde-20160929-2242-149.jpg,51.10552682061387
dr5rspjd4ugf-dr5rspjd70p1-cds-79ddade2485edbde-20160929-2242-122.jpg,51.779838783961296
dr5rsp76691m-dr5rsp73cxj9-cds-79ddade2485edbde-20160929-2242-83.jpg,51.78370047978342
dr5rspj9xmmz-dr5rspj9zbb2-cds-79ddade2485edbde-20160929-2242-124.jpg,51.79623622324747
dr5rspn2t408-dr5rsnyrfc18-cds-79ddade2485edbde-20160929-2242-134.jpg,52.07033352556709
dr5rsnzfswpq-dr5rsnzfs6wx-cds-79ddade2485edbde-20160929-2242-156.jpg,52.0991881127451
dr5rspj6uhug-dr5rspj6uqux-cds-bd209a4b83760d6b-20160929-2242-115.jpg,52.50063777553505
dr5rsphvdb8h-dr5rsphucpxt-cds-79ddade2485edbde-20160929-2242-105.jpg,52.687158084230425
dr5rsn1z1x36-dr5rsn1z2dsu-cds-6fef7e6f017c3f89-20160911-2000-18.jpg,53.029114403114185
dr5rsnzjf74c-dr5rsnzj3nn4-cds-79ddade2485edbde-20160929-2242-144.jpg,53.13113395889402
dr5rspjh55jv-dr5rspj5fz4z-cds-79ddade2485edbde-20160929-2242-109.jpg,53.331309872805335
dr5rsqb1tw1f-dr5rsqb1tkwq-cds-79ddade2485edbde-20160929-2252-2.jpg,53.40672457708574
dr5rsp7beynj-dr5rsp7b4wdr-cds-79ddade2485edbde-20160929-2242-94.jpg,53.551156205946434
dr5rsnzkm4ve-dr5rsnzkhygv-cds-bd209a4b83760d6b-20160929-2242-144.jpg,53.75121197376009
dr5rspj9f4eb-dr5rspjd5rdt-cds-bd209a4b83760d6b-20160929-2242-118.jpg,53.98648406462258
dr5rsphucqjr-dr5rsphucqxz-cds-bd209a4b83760d6b-20160929-2242-101.jpg,54.288846237024224
dr5rsqb1dxg6-dr5rsqb1ghd3-cds-bd209a4b83760d6b-20160929-2242-155.jpg,54.28940191272587
dr5rspj7k4vu-dr5rspj756ju-cds-79ddade2485edbde-20160929-2242-119.jpg,54.53510719034346
dr5rspjchh8t-dr5rspjck3n7-cds-79ddade2485edbde-20160929-2242-126.jpg,55.03225372052416
dr5rspj72v2x-dr5rspj72esk-cds-bd209a4b83760d6b-20160929-2242-113.jpg,55.05571575035243
dr5rsnzf9ymb-dr5rsnzff3cr-cds-bd209a4b83760d6b-20160929-2242-151.jpg,55.27392058743432
dr5rspjbtxwg-dr5rspjcn9th-cds-bd209a4b83760d6b-20160929-2242-123.jpg,55.704676887094706
dr5rsphr0pv2-dr5rsphnzhw7-cds-79ddade2485edbde-20160929-2242-99.jpg,56.16981249199026
dr5rsp75hu8y-dr5rsp75jtud-cds-bd209a4b83760d6b-20160929-2242-76.jpg,56.247449899077274
dr5rspj5fgvx-dr5rspj5gnj7-cds-79ddade2485edbde-20160929-2242-111.jpg,56.54582622468922
dr5rsp75n88p-dr5rsp74yxzg-cds-79ddade2485edbde-20160929-2242-80.jpg,56.85934746651929
dr5rspn084jp-dr5rspn0bfjm-cds-bd209a4b83760d6b-20160929-2242-124.jpg,57.01744070790081
dr5rsnzf7xrz-dr5rsnzfs5tt-cds-bd209a4b83760d6b-20160929-2242-152.jpg,57.371548803344865
dr5rsnzkd17u-dr5rsnzkd04r-cds-79ddade2485edbde-20160929-2242-147.jpg,57.554702518262204
dr5rsnyy2exn-dr5rsnyy2dt6-cds-bd209a4b83760d6b-20160929-2242-136.jpg,57.68824190215302
dr5rsp76780v-dr5rsp73fkrv-cds-79ddade2485edbde-20160929-2242-84.jpg,58.103672565840064
dr5rsp75ms4h-dr5rsp75m7t7-cds-79ddade2485edbde-20160929-2242-79.jpg,58.15312069476484
dr5rsn1zk0dw-dr5rsn1z5zr2-cds-6fef7e6f017c3f89-20160911-2000-19.jpg,58.200717572568244
dr5rsnzkpesw-dr5rsnz7zqbs-cds-bd209a4b83760d6b-20160929-2242-145.jpg,58.28344066384724
dr5rsnyy573w-dr5rsnyy54p2-cds-bd209a4b83760d6b-20160929-2242-137.jpg,58.34899487777137
dr5rsnyrcnqn-dr5rsnyrcnqv-cds-bd209a4b83760d6b-20160929-2242-128.jpg,58.39591993864539
dr5rsphw11e5-dr5rsphtbst1-cds-79ddade2485edbde-20160929-2242-102.jpg,58.603752663238495
dr5rsp78wqrw-dr5rsp78wker-cds-bd209a4b83760d6b-20160929-2242-88.jpg,58.61910833573626
dr5rspj5gnj8-dr5rspj5gjyt-cds-79ddade2485edbde-20160929-2242-112.jpg,58.66388428328848
dr5rspj5grgn-dr5rspj5gnn5-cds-79ddade2485edbde-20160929-2242-110.jpg,59.01678140618993
dr5rsqb1vc20-dr5rsqb1tkuu-cds-79ddade2485edbde-20160929-2242-161.jpg,59.200217965045496
dr5rsqb1mwvb-dr5rsqb1w49v-cds-bd209a4b83760d6b-20160929-2242-157.jpg,59.30880350506216
dr5rsnzeet7w-dr5rsnzee32z-cds-bd209a4b83760d6b-20160929-2242-147.jpg,59.43559868800461
dr5rsp763n50-dr5rsp760j18-cds-79ddade2485edbde-20160929-2242-82.jpg,59.62792455626041
dr5rspjd2x18-dr5rspjd88rj-cds-79ddade2485edbde-20160929-2242-121.jpg,60.22214713091119
dr5rsp79tp4w-dr5rsp78gpbt-cds-79ddade2485edbde-20160929-2242-91.jpg,60.228289600153786
dr5rsnyrx1km-dr5rsnyrqeyn-cds-bd209a4b83760d6b-20160929-2242-131.jpg,60.22982246411637
dr5rsnyyjn3s-dr5rsnyvuq71-cds-79ddade2485edbde-20160929-2242-142.jpg,60.4550513424324
dr5rsqb1s7e2-dr5rsqb1sxns-cds-bd209a4b83760d6b-20160929-2242-156.jpg,60.588616757977704
dr5rsp7h72dh-dr5rsp7hk1w7-cds-79ddade2485edbde-20160929-2242-77.jpg,60.667136237665
dr5rsqb1uvps-dr5rsqb1sx9q-cds-79ddade2485edbde-20160929-2242-160.jpg,60.869946855376135
dr5rsnzhxxcz-dr5rsnzhz87y-cds-bd209a4b83760d6b-20160929-2242-142.jpg,60.92160467128028
dr5rsqb1q3g5-dr5rsqb1qztm-cds-bd209a4b83760d6b-20160929-2242-160.jpg,62.1953996059208
dr5rsphqmzp6-dr5rsphqjrgm-cds-79ddade2485edbde-20160929-2242-101.jpg,62.26112903290401
dr5rsnzechbf-dr5rsnzebc9v-cds-79ddade2485edbde-20160929-2242-150.jpg,62.50322241846085
dr5rsqb1rt6q-dr5rsqb1rt7n-cds-bd209a4b83760d6b-20160929-2242-159.jpg,62.61312756311675
dr5rsqb1rkvb-dr5rsqb1rt9s-cds-bd209a4b83760d6b-20160929-2242-158.jpg,62.61875290353069
dr5rsnywumjh-dr5rsnywug6g-cds-bd209a4b83760d6b-20160929-2242-134.jpg,63.0759833958093
dr5rsnyx3kb5-dr5rsnyx0ts5-cds-bd209a4b83760d6b-20160929-2242-132.jpg,63.56327544293861
dr5rsqb1q2zj-dr5rsqb1rp4e-cds-bd209a4b83760d6b-20160929-2242-163.jpg,63.684644027137
dr5rspn0nfqk-dr5rspn0pjng-cds-bd209a4b83760d6b-20160929-2242-127.jpg,64.28908502739331
dr5rsqb1q2yt-dr5rsqb1rp4e-cds-bd209a4b83760d6b-20160929-2242-162.jpg,65.39161670591439
dr5rsp7bqkz4-dr5rsp5zvjvz-cds-79ddade2485edbde-20160929-2242-95.jpg,65.466944304274
dr5rsn1yyb62-dr5rsn1yz5hu-cds-ea91d096e3932939-20160911-1953-73.jpg,65.97104278803025
dr5rsppk0hzr-dr5rspphprvr-cds-b6d8aab376c7ce54-20160728-1913-117.jpg,66.1548848399654
dr5rsqb1q2d5-dr5rsqb1qzqz-cds-bd209a4b83760d6b-20160929-2242-161.jpg,66.39798344787262
dr5rsphp9f2g-dr5rsphp3x6n-cds-bd209a4b83760d6b-20160929-2242-93.jpg,66.76732706971677
dr5rsp75u0q1-dr5rsp75uchn-cds-79ddade2485edbde-20160929-2242-78.jpg,67.16531602428553
dr5rspphnx7g-dr5rspphpj5w-cds-b6d8aab376c7ce54-20160728-1913-118.jpg,67.74728820245419
dr5rsnzfbmcy-dr5rsnzfbq15-cds-79ddade2485edbde-20160929-2242-154.jpg,67.87572037597718
dr5rsphqfgdb-dr5rsphqd4fv-cds-79ddade2485edbde-20160929-2242-100.jpg,67.90664548090479
dr5rsnywwmk1-dr5rsnyww4yp-cds-bd209a4b83760d6b-20160929-2242-135.jpg,68.07287261309753
dr5rspj5tr4r-dr5rspj5tqfd-cds-bd209a4b83760d6b-20160929-2242-112.jpg,69.26296376393695
dr5rsnzenmn8-dr5rsnzenw73-cds-79ddade2485edbde-20160929-2242-153.jpg,69.47192686306549
dr5rspjcnq89-dr5rspjcn59w-cds-79ddade2485edbde-20160929-2242-127.jpg,69.71846665545303
dr5rspjh78bx-dr5rspj5fxy3-cds-bd209a4b83760d6b-20160929-2242-105.jpg,69.91985003764577
dr5rsnywugwd-dr5rsnywugsr-cds-79ddade2485edbde-20160929-2242-139.jpg,70.33892212930924
dr5rspn21nn0-dr5rspn208jf-cds-79ddade2485edbde-20160929-2242-132.jpg,72.26380378540306
dr5rsp6zmdtw-dr5rsp6zqv3d-cds-bd209a4b83760d6b-20160929-2242-68.jpg,72.63337067874535
dr5rsnyy3cp2-dr5rsnyy1y9v-cds-79ddade2485edbde-20160929-2242-141.jpg,73.18472011966551
dr5rspjd24jx-dr5rspj6recb-cds-bd209a4b83760d6b-20160929-2242-117.jpg,73.59107174323978
dr5rsqb45k16-dr5rsqb1ftxv-cds-79ddade2485edbde-20160929-2242-159.jpg,73.72146680363322
dr5rsnyx5p6g-dr5rsnywfrtk-cds-bd209a4b83760d6b-20160929-2242-133.jpg,75.55796548603101
dr5rsnyrsvc7-dr5rsnyrse43-cds-bd209a4b83760d6b-20160929-2242-130.jpg,76.19197844579008
dr5rspp312mv-dr5rspp3193y-cds-63fa6a79d3217a87-20160728-1912-115.jpg,76.41323199009996
dr5rspphnx3d-dr5rspphpj4b-cds-b6d8aab376c7ce54-20160728-1913-119.jpg,78.62771980728566
dr5rspp2ev4w-dr5rspp2u0t2-cds-63fa6a79d3217a87-20160728-1912-113.jpg,79.16670220988722
dr5rsnzemjjq-dr5rsnzem592-cds-79ddade2485edbde-20160929-2242-152.jpg,79.49333389401512
dr5rsnyrfgq4-dr5rsnyrfc0y-cds-bd209a4b83760d6b-20160929-2242-129.jpg,79.52830041330257
dr5rsp768jte-dr5rsp74wd11-cds-79ddade2485edbde-20160929-2242-81.jpg,79.75904249567473
dr5rsqb1q2z5-dr5rsqb1rp4e-cds-bd209a4b83760d6b-20160929-2252-2.jpg,80.46049346004742
dr5rspj5tqhz-dr5rspj5tqqq-cds-bd209a4b83760d6b-20160929-2242-110.jpg,81.56575846229015
dr5rspn0hwbd-dr5rspn0mh1q-cds-bd209a4b83760d6b-20160929-2242-126.jpg,81.77975818595412
dr5rspn0by24-dr5rspn0be2z-cds-79ddade2485edbde-20160929-2242-128.jpg,82.50515827245931
dr5rsnzeej2s-dr5rsnzedffx-cds-79ddade2485edbde-20160929-2242-151.jpg,82.6704302431757
dr5rspj5tjfz-dr5rspj5tppw-cds-bd209a4b83760d6b-20160929-2242-111.jpg,82.80382294870563
dr5rsnzjsgdd-dr5rsnzj5tge-cds-79ddade2485edbde-20160929-2242-145.jpg,83.0954100185826
dr5rsphqk6mc-dr5rsphqkd8r-cds-bd209a4b83760d6b-20160929-2242-97.jpg,83.11790887719467
dr5rsnzfbqrk-dr5rsnzfbqg6-cds-bd209a4b83760d6b-20160929-2242-150.jpg,83.51520198561451
dr5rsnzkd60b-dr5rsnzkd0h9-cds-bd209a4b83760d6b-20160929-2242-143.jpg,84.65093904187492
dr5rspn0wbxt-dr5rspn0q22c-cds-79ddade2485edbde-20160929-2242-131.jpg,85.97443491285404
dr5rsphtdgtg-dr5rsphtehd1-cds-bd209a4b83760d6b-20160929-2242-99.jpg,86.36393854927591
dr5rsp7hght0-dr5rsp7hgky9-cds-79ddade2485edbde-20160929-2242-76.jpg,87.7013268134051
dr5rspn06hxh-dr5rspn0dgkp-cds-bd209a4b83760d6b-20160929-2242-125.jpg,87.85450107330514
dr5rsqb1q2z5-dr5rsqb1rp4e-cds-bd209a4b83760d6b-20160929-2252-3.jpg,88.7411497380815
dr5rsnzj85ww-dr5rsnzj81f3-cds-bd209a4b83760d6b-20160929-2242-139.jpg,89.8015852276368
dr5rspn2xdc7-dr5rsnyrsdv7-cds-79ddade2485edbde-20160929-2242-135.jpg,90.05261247677176
dr5rsnzj6e8m-dr5rsnzj63un-cds-bd209a4b83760d6b-20160929-2242-140.jpg,90.53714416730745
dr5rspp135gk-dr5rspp1f3s0-cds-63fa6a79d3217a87-20160728-1912-123.jpg,90.82452312011407
dr5rsnyx6955-dr5rsnyx1cju-cds-79ddade2485edbde-20160929-2242-138.jpg,92.44203201092529
dr5rsp74qvtt-dr5rsp74qv5w-cds-bd209a4b83760d6b-20160929-2242-78.jpg,92.65541198096886
dr5rsqb1tw1f-dr5rsqb1tkwq-cds-79ddade2485edbde-20160929-2252-3.jpg,93.46260402649622
dr5rsqb431eu-dr5rsqb40sw3-cds-79ddade2485edbde-20160929-2242-158.jpg,94.11251031254005
dr5rspp1evxc-dr5rspp1euq1-cds-b6d8aab376c7ce54-20160728-1913-108.jpg,94.71838906109829
dr5rspmynm2e-dr5rspmyx2g6-cds-63fa6a79d3217a87-20160728-1912-163.jpg,96.27123281910804
dr5rspqkeym6-dr5rspqkt1zc-cds-b6d8aab376c7ce54-20160728-1913-146.jpg,100.81890929370114
dr5rsp760707-dr5rsp7607eb-cds-bd209a4b83760d6b-20160929-2242-79.jpg,100.95379281205946
dr5rspn0dwsn-dr5rspn0dsb0-cds-79ddade2485edbde-20160929-2242-129.jpg,101.36851611559656
dr5rspr3r1xw-dr5rspr3rtsq-cds-b6d8aab376c7ce54-20160728-1913-129.jpg,104.7151696462899
dr5rsn33hh5y-dr5rsn33hkb1-cds-774e09b0c084a069-20160831-1913-115.jpg,105.2853890330642
dr5rspqjehfn-dr5rspqnh0tg-cds-63fa6a79d3217a87-20160728-1912-162.jpg,105.68240630606817
dr5rsqb2gz8w-dr5rsqb2gz3n-cds-79ddade2485edbde-20160929-2252-4.jpg,106.09233027361272
dr5rspqkqbcv-dr5rspqkkzp8-cds-63fa6a79d3217a87-20160728-1912-159.jpg,107.1989288975394
dr5rspp1gk5c-dr5rspp1dzrw-cds-b6d8aab376c7ce54-20160728-1913-109.jpg,107.28022275086505
dr5rspr463gn-dr5rspr4ew9q-cds-b6d8aab376c7ce54-20160728-1913-136.jpg,107.59429366109188
dr5rspp1v2q7-dr5rspp1sc73-cds-b6d8aab376c7ce54-20160728-1913-107.jpg,110.33110512383058
dr5rspqg51fp-dr5rspqgkr4k-cds-b6d8aab376c7ce54-20160728-1913-138.jpg,112.6995060994169
dr5rsppxe0bu-dr5rsppxd9ze-cds-b6d8aab376c7ce54-20160728-1913-124.jpg,115.93595612264514
dr5rsn1zhjyj-dr5rsn1zhq0k-cds-774e09b0c084a069-20160831-1913-119.jpg,118.10955722158144
dr5rspqed7ud-dr5rspqsk3v9-cds-63fa6a79d3217a87-20160728-1912-156.jpg,118.68004793829296
dr5rspqefj5w-dr5rspqs7s9f-cds-63fa6a79d3217a87-20160728-1912-157.jpg,118.9024383650519
dr5rspqefn0v-dr5rspqs7mjs-cds-63fa6a79d3217a87-20160728-1912-158.jpg,118.95313050669614
dr5rsn4m6pvg-dr5rsn4md358-cds-774e09b0c084a069-20160831-1913-122.jpg,119.04662870049981
dr5rspp137gd-dr5rspp1f8fb-cds-63fa6a79d3217a87-20160728-1912-122.jpg,119.34672311530821
dr5rsn1xxwcz-dr5rsn1xxxtt-cds-774e09b0c084a069-20160831-1913-118.jpg,119.89923346789696
dr5rspp4763n-dr5rspp498cr-cds-b6d8aab376c7ce54-20160728-1913-112.jpg,120.70705978469819
dr5rspp5wzgu-dr5rspp5y517-cds-b6d8aab376c7ce54-20160728-1913-115.jpg,120.83932812299757
dr5rspmxdbm7-dr5rspmxg8ju-cds-b6d8aab376c7ce54-20160728-1913-151.jpg,121.44460914471998
dr5rsppqphbh-dr5rsppqnpxz-cds-63fa6a79d3217a87-20160728-1912-135.jpg,122.20821168540945
dr5rspr4kcn9-dr5rspr4mxeu-cds-b6d8aab376c7ce54-20160728-1913-135.jpg,122.84949849016404
dr5rspqeskgr-dr5rspqsjugy-cds-b6d8aab376c7ce54-20160728-1913-140.jpg,122.95756690135204
dr5rspqg57fc-dr5rspqgkquw-cds-63fa6a79d3217a87-20160728-1912-151.jpg,123.52714500833012
dr5rsppqr040-dr5rsppqq6pv-cds-b6d8aab376c7ce54-20160728-1913-122.jpg,124.01335023388441
dr5rsppmknxm-dr5rsppme8rj-cds-63fa6a79d3217a87-20160728-1912-134.jpg,124.79711629341278
dr5rspmye1rq-dr5rspmyu5qn-cds-63fa6a79d3217a87-20160728-1912-164.jpg,125.42726555491478
dr5rspqjr9ne-dr5rspqm89c7-cds-63fa6a79d3217a87-20160728-1912-161.jpg,126.02533881199538
dr5rspqeewwb-dr5rspqsjqbr-cds-b6d8aab376c7ce54-20160728-1913-142.jpg,126.34551064093938
dr5rspqesnw2-dr5rspqsjtsq-cds-b6d8aab376c7ce54-20160728-1913-143.jpg,126.52353061322569
dr5rspqesjq8-dr5rspqsjtr6-cds-b6d8aab376c7ce54-20160728-1913-144.jpg,126.78474224657184
dr5rspp1fp1z-dr5rspp1cg8c-cds-b6d8aab376c7ce54-20160728-1913-110.jpg,127.26725648388441
dr5rspp1frtg-dr5rspp1f495-cds-b6d8aab376c7ce54-20160728-1913-111.jpg,127.41134319332308
dr5rsnzxrj30-dr5rsnzxxd33-cds-b6d8aab376c7ce54-20160728-1913-95.jpg,128.09752959598873
dr5rspp34vph-dr5rspp2fqkx-cds-b6d8aab376c7ce54-20160728-1913-101.jpg,128.15146468105215
dr5rspqefehy-dr5rspqsk4ez-cds-63fa6a79d3217a87-20160728-1912-154.jpg,128.9361743880559
dr5rspqedd45-dr5rspqsk8ye-cds-63fa6a79d3217a87-20160728-1912-155.jpg,129.65343858131487
dr5rspp15w86-dr5rspp1sd51-cds-63fa6a79d3217a87-20160728-1912-120.jpg,130.00265973423683
dr5rspp3851p-dr5rspp1r1mz-cds-b6d8aab376c7ce54-20160728-1913-106.jpg,130.37097260268487
dr5rsppwc775-dr5rsppwbwhe-cds-b6d8aab376c7ce54-20160728-1913-123.jpg,130.5102429554338
dr5rspr3enc7-dr5rspr3ge8t-cds-b6d8aab376c7ce54-20160728-1913-130.jpg,130.69434982939254
dr5rsqbkx3zh-dr5rsqbsbwh3-cds-63fa6a79d3217a87-20160728-1912-101.jpg,130.83279117406767
dr5rspr49603-dr5rspr4f5ms-cds-63fa6a79d3217a87-20160728-1912-150.jpg,130.96918402777777
dr5rspp5zned-dr5rspphn874-cds-63fa6a79d3217a87-20160728-1912-128.jpg,131.5261227652826
dr5rspp83dgz-dr5rspp81r65-cds-b6d8aab376c7ce54-20160728-1913-97.jpg,131.62646227813022
dr5rspr4jxdd-dr5rspr4qjy8-cds-b6d8aab376c7ce54-20160728-1913-134.jpg,131.64117116413559
dr5rsqbt01ru-dr5rsqbsbpey-cds-b6d8aab376c7ce54-20160728-1913-89.jpg,132.14040022667564
dr5rspp2f4f5-dr5rspp2fqmr-cds-63fa6a79d3217a87-20160728-1912-114.jpg,132.9137476171024
dr5rspmyb6kc-dr5rspmz1kv2-cds-b6d8aab376c7ce54-20160728-1913-150.jpg,134.319198645553
dr5rsqbn4cpr-dr5rsqbn79rc-cds-63fa6a79d3217a87-20160728-1912-104.jpg,134.67556749006792
dr5rspr4jjb2-dr5rspr4myuh-cds-63fa6a79d3217a87-20160728-1912-148.jpg,136.3336301943163
dr5rspqeqdb2-dr5rspqgbhzj-cds-b6d8aab376c7ce54-20160728-1913-139.jpg,136.95983315711905
dr5rsn31wxmn-dr5rsn31ycy5-cds-774e09b0c084a069-20160831-1913-113.jpg,137.92923745274254
dr5rspr477jf-dr5rspr4sk17-cds-63fa6a79d3217a87-20160728-1912-149.jpg,138.0618692329873
dr5rsqbjx686-dr5rsqbmb49p-cds-63fa6a79d3217a87-20160728-1912-103.jpg,138.36003129805843
dr5rsnzxu5vd-dr5rsnzxum47-cds-b6d8aab376c7ce54-20160728-1913-96.jpg,138.598949322376
dr5rspr8hbt4-dr5rspr8h6pd-cds-b6d8aab376c7ce54-20160728-1913-125.jpg,138.7677605968858
dr5rspqeg9gq-dr5rspqskbjg-cds-b6d8aab376c7ce54-20160728-1913-141.jpg,138.8985446302704
dr5rsn4jvxem-dr5rsn4njcgx-cds-774e09b0c084a069-20160831-1913-121.jpg,138.90930070966294
dr5rspqkg0yw-dr5rspqmhm58-cds-63fa6a79d3217a87-20160728-1912-160.jpg,139.11420387190824
dr5rsnzryztq-dr5rspp8259h-cds-63fa6a79d3217a87-20160728-1912-110.jpg,139.34054009675765
dr5rspr4pbbw-dr5rspr60q6r-cds-63fa6a79d3217a87-20160728-1912-147.jpg,139.53372300717672
dr5rspqex7fj-dr5rspqgbhym-cds-63fa6a79d3217a87-20160728-1912-152.jpg,140.50010612905294
dr5rsqbm5cvq-dr5rsqbmkfbs-cds-63fa6a79d3217a87-20160728-1912-102.jpg,140.55967806853133
dr5rsn4n8fvm-dr5rsn4n9h44-cds-774e09b0c084a069-20160831-1913-120.jpg,140.87914804402152
dr5rspp1hzzz-dr5rspp1mws8-cds-63fa6a79d3217a87-20160728-1912-119.jpg,141.15299504197102
dr5rspp4s5kt-dr5rspp4f3zy-cds-b6d8aab376c7ce54-20160728-1913-113.jpg,141.33900823401257
dr5rspp43fwr-dr5rspp43jwh-cds-63fa6a79d3217a87-20160728-1912-125.jpg,141.8822708413431
dr5rsqbn4m2p-dr5rsqbn6uj4-cds-b6d8aab376c7ce54-20160728-1913-92.jpg,142.15878207900806
dr5rsppmsxw0-dr5rsppmsxck-cds-b6d8aab376c7ce54-20160728-1913-121.jpg,142.592994581411
dr5rspp1c44e-dr5rspp1cku5-cds-63fa6a79d3217a87-20160728-1912-124.jpg,142.67091383121877
dr5rsqbms5jg-dr5rsqbm7y22-cds-b6d8aab376c7ce54-20160728-1913-90.jpg,142.67545084823146
dr5rspr8thg1-dr5rspr8v9f8-cds-b6d8aab376c7ce54-20160728-1913-127.jpg,142.69798725249905
dr5rspp2wfjk-dr5rspp2qzbv-cds-b6d8aab376c7ce54-20160728-1913-98.jpg,142.9191046312316
dr5rspqs29sh-dr5rspqs9e6x-cds-b6d8aab376c7ce54-20160728-1913-145.jpg,143.33315912149175
dr5rspp39eqs-dr5rspp30mnj-cds-b6d8aab376c7ce54-20160728-1913-104.jpg,143.5267465237729
dr5rsppx7gd0-dr5rsppxd87h-cds-63fa6a79d3217a87-20160728-1912-137.jpg,144.325461761502
dr5rspp39zc1-dr5rspp30jvv-cds-b6d8aab376c7ce54-20160728-1913-105.jpg,145.31217110005767
dr5rspr8q1wn-dr5rspr8mecy-cds-b6d8aab376c7ce54-20160728-1913-126.jpg,145.3632477092144
dr5rspr4ppp7-dr5rspr4r3r9-cds-b6d8aab376c7ce54-20160728-1913-132.jpg,145.53351825820198
dr5rspmymbhf-dr5rspmywf7c-cds-b6d8aab376c7ce54-20160728-1913-149.jpg,146.17026404107395
dr5rspp1qb98-dr5rspp1qfpc-cds-63fa6a79d3217a87-20160728-1912-118.jpg,146.53725780549146
dr5rspp33r59-dr5rspp30kzx-cds-b6d8aab376c7ce54-20160728-1913-103.jpg,146.73155457035756
dr5rsnzytutc-dr5rsnzyydc9-cds-b6d8aab376c7ce54-20160728-1913-93.jpg,147.1229730352108
dr5rsnzxw6s2-dr5rsnzxwtm8-cds-63fa6a79d3217a87-20160728-1912-107.jpg,148.74449180203126
dr5rspr8fvxc-dr5rspr9535y-cds-b6d8aab376c7ce54-20160728-1913-128.jpg,151.16388428328847
dr5rspp2ju2t-dr5rspp2qzdr-cds-63fa6a79d3217a87-20160728-1912-111.jpg,151.36769461665386
dr5rspr3v2yy-dr5rspr3tjyv-cds-63fa6a79d3217a87-20160728-1912-143.jpg,151.60852696879405
dr5rspp14nwt-dr5rspp1et6u-cds-63fa6a79d3217a87-20160728-1912-121.jpg,151.71887214853263
dr5rsppm4k6u-dr5rsppm4khs-cds-b6d8aab376c7ce54-20160728-1913-120.jpg,152.12003195886197
dr5rspr61mbe-dr5rspr615gs-cds-63fa6a79d3217a87-20160728-1912-146.jpg,152.58688615356274
dr5rsnzz391c-dr5rsnzz3fb4-cds-63fa6a79d3217a87-20160728-1912-106.jpg,152.76240258153916
dr5rspp5jxw0-dr5rspp5kknw-cds-b6d8aab376c7ce54-20160728-1913-114.jpg,153.5912885068243
dr5rspp2f7fc-dr5rspp2ftft-cds-63fa6a79d3217a87-20160728-1912-117.jpg,154.07357847142126
dr5rspr61mhp-dr5rspr61724-cds-63fa6a79d3217a87-20160728-1912-145.jpg,154.96107016131617
dr5rspp55kqu-dr5rspp55s40-cds-63fa6a79d3217a87-20160728-1912-126.jpg,155.31345966695503
dr5rspqegusm-dr5rspqshzyt-cds-63fa6a79d3217a87-20160728-1912-153.jpg,156.77468251393694
dr5rsppxvmh7-dr5rspr8h2gy-cds-63fa6a79d3217a87-20160728-1912-138.jpg,156.86522211008585
dr5rspmx5d2r-dr5rspmxt573-cds-63fa6a79d3217a87-20160728-1912-165.jpg,157.00988151592335
dr5rsqbjwgef-dr5rsqbjzsn1-cds-b6d8aab376c7ce54-20160728-1913-91.jpg,157.40540447183776
dr5rspp2kuu6-dr5rspp2tef5-cds-63fa6a79d3217a87-20160728-1912-112.jpg,157.6821750248302
dr5rsnzxevp6-dr5rsnzxueuz-cds-63fa6a79d3217a87-20160728-1912-108.jpg,157.6983937467961
dr5rsnzxchs0-dr5rspp81vn7-cds-63fa6a79d3217a87-20160728-1912-109.jpg,157.71570329520696
dr5rspp5twrq-dr5rspp5twf6-cds-63fa6a79d3217a87-20160728-1912-127.jpg,157.85939302191466
dr5rspqjeh63-dr5rspqnh0rm-cds-b6d8aab376c7ce54-20160728-1913-148.jpg,157.92961841599384
dr5rspr4nu93-dr5rspr4r3f7-cds-b6d8aab376c7ce54-20160728-1913-133.jpg,158.12767124823785
dr5rspr61frx-dr5rspr61cj4-cds-63fa6a79d3217a87-20160728-1912-144.jpg,158.85980502290786
dr5rspqfxdec-dr5rspr4bzet-cds-b6d8aab376c7ce54-20160728-1913-137.jpg,159.30053394928234
dr5rspr93nm8-dr5rspr92ccz-cds-63fa6a79d3217a87-20160728-1912-142.jpg,160.4956031534346
dr5rsn345t3v-dr5rsn345ww8-cds-774e09b0c084a069-20160831-1913-109.jpg,160.61364619377161
dr5rspp2cvcu-dr5rspp2fpbb-cds-63fa6a79d3217a87-20160728-1912-116.jpg,160.8908017148853
dr5rspphpp7f-dr5rspphpq8v-cds-63fa6a79d3217a87-20160728-1912-131.jpg,161.26864066705113
dr5rspphpzf2-dr5rspphr8bm-cds-63fa6a79d3217a87-20160728-1912-130.jpg,162.31391572151736
dr5rspphpemx-dr5rspphpjk7-cds-b6d8aab376c7ce54-20160728-1913-116.jpg,162.3990857883186
dr5rspp2u5bj-dr5rspp2gcff-cds-b6d8aab376c7ce54-20160728-1913-100.jpg,162.79671480520312
dr5rspphpr06-dr5rspphpqce-cds-63fa6a79d3217a87-20160728-1912-132.jpg,163.49591653450597
dr5rspr602f3-dr5rspr60tpb-cds-b6d8aab376c7ce54-20160728-1913-131.jpg,164.0992201517045
dr5rsppw9zk8-dr5rsppwbkz3-cds-63fa6a79d3217a87-20160728-1912-136.jpg,164.58065808022556
dr5rsnzyynby-dr5rsnzyvvh1-cds-63fa6a79d3217a87-20160728-1912-105.jpg,165.23041218121236
dr5rspr8wn04-dr5rspr8wptq-cds-63fa6a79d3217a87-20160728-1912-140.jpg,168.56511267701526
dr5rspr8un58-dr5rspr8unmv-cds-63fa6a79d3217a87-20160728-1912-141.jpg,171.16053671264257
dr5rsppkcbk0-dr5rsppkc670-cds-63fa6a79d3217a87-20160728-1912-133.jpg,171.43613283753044
dr5rspr8q5mn-dr5rspr8mtq2-cds-63fa6a79d3217a87-20160728-1912-139.jpg,172.09190675861848
dr5rspqjpvm8-dr5rspqm8brk-cds-b6d8aab376c7ce54-20160728-1913-147.jpg,174.26419976691656
dr5rspp33e3e-dr5rspp30gsq-cds-b6d8aab376c7ce54-20160728-1913-102.jpg,174.5772939894912
dr5rspp2tpcs-dr5rspp2syj6-cds-b6d8aab376c7ce54-20160728-1913-99.jpg,183.65252446975524
dr5rspphptng-dr5rspphpq8v-cds-63fa6a79d3217a87-20160728-1912-129.jpg,190.35030146658337
dr5rsnzz1fpu-dr5rsnzz684c-cds-b6d8aab376c7ce54-20160728-1913-94.jpg,198.47795218986286
