night_photo,night_lat,night_lon,night_taken,day_image,day_id,day_lat,day_lon,day_heading,distance_m,skipped
1.JPG,40.729908333333334,-73.99066944444445,2026:04:28 20:07:12,,,,,,,True
10.JPG,40.72998055555556,-73.99161388888889,2026:04:28 20:09:59,,,,,,,True
100.JPG,40.72974722222222,-73.99359166666667,2026:04:28 20:15:34,,,,,,,True
101.JPG,40.72976111111111,-73.99359722222222,2026:04:28 20:15:35,0/20161213/a32b6ec5cde27e3a/cds-a32b6ec5cde27e3a-20161213-1238.raw/3/dr5rsnxe9r8c-dr5rsnxec99x-cds-a32b6ec5cde27e3a-20161213-1238-136.jpg,54595668.0,40.7297062,-73.99355179999998,-94.43,7.21,False
102.JPG,40.72976666666667,-73.99360555555556,2026:04:28 20:15:36,0/20161114/a32b6ec5cde27e3a/cds-a32b6ec5cde27e3a-20161114-1047.raw/3/dr5rsnxs31rn-dr5rsnxebpkf-cds-a32b6ec5cde27e3a-20161114-1047-36.jpg,48560241.0,40.7298023,-73.993554,-83.6,5.88,False
103.JPG,40.72977777777778,-73.99362222222223,2026:04:28 20:15:38,0/20161114/a32b6ec5cde27e3a/cds-a32b6ec5cde27e3a-20161114-1047.raw/3/dr5rsnxs31rn-dr5rsnxebpkf-cds-a32b6ec5cde27e3a-20161114-1047-36.jpg,48560241.0,40.7298023,-73.993554,-83.6,6.36,False
104.JPG,40.72977777777778,-73.99361388888889,2026:04:28 20:15:39,,,,,,,True
105.JPG,40.72978055555556,-73.99362222222223,2026:04:28 20:15:40,,,,,,,True
106.JPG,40.729797222222224,-73.99361388888889,2026:04:28 20:15:41,,,,,,,True
107.JPG,40.72981388888889,-73.99361388888889,2026:04:28 20:15:42,,,,,,,True
108.JPG,40.72981666666667,-73.99362222222223,2026:04:28 20:15:43,,,,,,,True
109.JPG,40.72982777777778,-73.99363055555555,2026:04:28 20:15:44,0/20161114/a32b6ec5cde27e3a/cds-a32b6ec5cde27e3a-20161114-1047.raw/3/dr5rsnxkqzxx-dr5rsnxknpk5-cds-a32b6ec5cde27e3a-20161114-1047-35.jpg,48560240.0,40.729836,-73.99364990000002,-77.57,1.87,False
11.JPG,40.72999444444444,-73.99160833333333,2026:04:28 20:10:00,,,,,,,True
110.JPG,40.72983611111111,-73.99364444444444,2026:04:28 20:15:45,0/20170312/1ccda49b184cb0ef/cds-1ccda49b184cb0ef-20170312-1056.raw/3/dr5rsnxs2r4s-dr5rsnxkp57m-cds-1ccda49b184cb0ef-20170312-1056-16.jpg,70204106.0,40.7298328,-73.99359240000003,236.79,4.4,False
111.JPG,40.729847222222226,-73.99366944444445,2026:04:28 20:15:46,,,,,,,True
112.JPG,40.72985555555556,-73.99368333333334,2026:04:28 20:15:47,,,,,,,True
113.JPG,40.729866666666666,-73.99370555555555,2026:04:28 20:15:48,,,,,,,True
114.JPG,40.72987222222223,-73.99372222222222,2026:04:28 20:15:49,0/20161114/a32b6ec5cde27e3a/cds-a32b6ec5cde27e3a-20161114-1047.raw/3/dr5rsnxkt59d-dr5rsnxkkmz5-cds-a32b6ec5cde27e3a-20161114-1047-34.jpg,48560239.0,40.7298566,-73.9937333,56.63,1.97,False
115.JPG,40.729886111111114,-73.99373611111112,2026:04:28 20:15:50,,,,,,,True
116.JPG,40.72989444444445,-73.99375833333333,2026:04:28 20:15:51,,,,,,,True
117.JPG,40.7299,-73.99376666666667,2026:04:28 20:15:53,0/20170312/1ccda49b184cb0ef/cds-1ccda49b184cb0ef-20170312-1056.raw/3/dr5rsnxkwpt7-dr5rsnxkkujb-cds-1ccda49b184cb0ef-20170312-1056-15.jpg,70204105.0,40.7298782,-73.9936851,237.89,7.29,False
118.JPG,40.72994722222222,-73.99375277777777,2026:04:28 20:15:53,,,,,,,True
119.JPG,40.72995,-73.99376666666667,2026:04:28 20:15:55,0/20161114/8b82a42e5a149e22/cds-8b82a42e5a149e22-20161114-1047.raw/3/dr5rsnxm7bnk-dr5rsnxkdpj2-cds-8b82a42e5a149e22-20161114-1047-37.jpg,48549379.0,40.7299669,-73.9937804,58.96,2.21,False
12.JPG,40.72998611111111,-73.9916,2026:04:28 20:10:01,,,,,,,True
120.JPG,40.729958333333336,-73.99378888888889,2026:04:28 20:15:56,,,,,,,True
121.JPG,40.72996388888889,-73.99379722222223,2026:04:28 20:15:57,,,,,,,True
122.JPG,40.729977777777776,-73.99380555555555,2026:04:28 20:15:58,0/20161114/8b82a42e5a149e22/cds-8b82a42e5a149e22-20161114-1047.raw/3/dr5rsnxm7bnk-dr5rsnxkdpj2-cds-8b82a42e5a149e22-20161114-1047-37.jpg,48549379.0,40.7299669,-73.9937804,58.96,2.44,False
123.JPG,40.729977777777776,-73.99381944444444,2026:04:28 20:15:59,,,,,,,True
124.JPG,40.72998055555556,-73.99382777777778,2026:04:28 20:16:00,,,,,,,True
125.JPG,40.72999166666667,-73.99386666666666,2026:04:28 20:16:01,,,,,,,True
126.JPG,40.72999444444444,-73.99387222222222,2026:04:28 20:16:04,,,,,,,True
127.JPG,40.73001388888889,-73.99391944444444,2026:04:28 20:16:07,,,,,,,True
128.JPG,40.73001944444445,-73.99392777777778,2026:04:28 20:16:08,,,,,,,True
129.JPG,40.73001944444445,-73.99392777777778,2026:04:28 20:16:10,,,,,,,True
13.JPG,40.729977777777776,-73.9916,2026:04:28 20:10:01,,,,,,,True
130.JPG,40.730022222222225,-73.99394166666667,2026:04:28 20:16:11,,,,,,,True
131.JPG,40.73003333333334,-73.99397222222223,2026:04:28 20:16:12,,,,,,,True
132.JPG,40.73003888888889,-73.9939888888889,2026:04:28 20:16:13,,,,,,,True
133.JPG,40.73003888888889,-73.99400277777778,2026:04:28 20:16:14,,,,,,,True
134.JPG,40.73003888888889,-73.9940111111111,2026:04:28 20:16:15,,,,,,,True
135.JPG,40.73004166666667,-73.99403333333333,2026:04:28 20:16:16,,,,,,,True
136.JPG,40.73003888888889,-73.99404166666666,2026:04:28 20:16:17,,,,,,,True
137.JPG,40.73004166666667,-73.99405555555556,2026:04:28 20:16:19,,,,,,,True
138.JPG,40.73005277777778,-73.99407222222223,2026:04:28 20:16:20,0/20160722/79ddade2485edbde/cds-79ddade2485edbde-20160722-1202.raw/3/dr5rsnxjudrf-dr5rsnxje8x3-cds-79ddade2485edbde-20160722-1202-12.jpg,16079056.0,40.73006450000001,-73.99408940000002,63.55,1.95,False
139.JPG,40.73014444444445,-73.99426944444444,2026:04:28 20:16:36,,,,,,,True
14.JPG,40.72998055555556,-73.99163055555556,2026:04:28 20:10:04,,,,,,,True
140.JPG,40.73021111111111,-73.99444444444444,2026:04:28 20:16:50,,,,,,,True
141.JPG,40.730244444444445,-73.99449166666666,2026:04:28 20:16:54,,,,,,,True
142.JPG,40.73033888888889,-73.99478055555555,2026:04:28 20:17:18,,,,,,,True
143.JPG,40.73037222222222,-73.99483611111111,2026:04:28 20:17:39,0/20160629/63fa6a79d3217a87/cds-63fa6a79d3217a87-20160629-1837.raw/3/dr5rsnwx7rmz-dr5rsnwxe815-cds-63fa6a79d3217a87-20160629-1837-99.jpg,1906079.0,40.7303496,-73.9948325,54.84,2.53,False
144.JPG,40.730469444444445,-73.99498055555556,2026:04:28 20:17:54,,,,,,,True
145.JPG,40.73048333333333,-73.99501944444445,2026:04:28 20:17:58,,,,,,,True
146.JPG,40.730675000000005,-73.99522222222222,2026:04:28 20:18:43,,,,,,,True
147.JPG,40.73067777777778,-73.99522222222222,2026:04:28 20:18:44,,,,,,,True
148.JPG,40.73067777777778,-73.99523888888889,2026:04:28 20:18:45,,,,,,,True
149.JPG,40.73068055555556,-73.99523888888889,2026:04:28 20:18:46,,,,,,,True
15.JPG,40.72998055555556,-73.99163888888889,2026:04:28 20:10:06,,,,,,,True
150.JPG,40.73068055555556,-73.99525555555556,2026:04:28 20:18:47,,,,,,,True
151.JPG,40.73068888888889,-73.9952611111111,2026:04:28 20:18:48,,,,,,,True
IMG_4897.JPG,40.73056388888889,-73.99567222222223,2026:04:28 20:19:47,,,,,,,True
IMG_4935.JPG,40.73011944444445,-73.99607777777778,2026:04:28 20:21:05,0/20170312/e5df139233770dec/cds-e5df139233770dec-20170312-1035.raw/4/dr5rsntwq15j-dr5rsntwnrvg-cds-e5df139233770dec-20170312-1035-128.jpg,70216045.0,40.7301441,-73.99609129999997,46.47,2.97,False
IMG_4971.JPG,40.72972777777778,-73.9964138888889,2026:04:28 20:22:01,,,,,,,True
IMG_4983.JPG,40.72958055555556,-73.99642222222222,2026:04:28 20:22:15,,,,,,,True
IMG_5020.JPG,40.72983888888889,-73.99724444444445,2026:04:28 20:24:12,,,,,,,True
IMG_5048.JPG,40.72979444444445,-73.99742777777777,2026:04:28 20:24:55,,,,,,,True
IMG_5058.JPG,40.72971666666667,-73.99743611111111,2026:04:28 20:25:05,,,,,,,True
IMG_5059.JPG,40.72972777777778,-73.99741388888889,2026:04:28 20:25:06,,,,,,,True
16.JPG,40.72998611111111,-73.99166111111111,2026:04:28 20:10:07,,,,,,,True
IMG_5060.JPG,40.72971666666667,-73.99741388888889,2026:04:28 20:25:07,0/20161103/ec0dd1f4ab6e9e7e/cds-ec0dd1f4ab6e9e7e-20161103-1322.raw/3/dr5rsnseu79y-dr5rsnseu7hx-cds-ec0dd1f4ab6e9e7e-20161103-1322-41.jpg,47713079.0,40.7297285,-73.99754140000002,57.56,10.82,False
IMG_5061.JPG,40.729711111111115,-73.99742222222223,2026:04:28 20:25:09,0/20160915/fdeb4f0c0eb1bc3c/cds-fdeb4f0c0eb1bc3c-20160915-1338.raw/3/dr5rsnsesqtt-dr5rsnsespf5-cds-fdeb4f0c0eb1bc3c-20160915-1338-81.jpg,38224250.0,40.7297015,-73.99753659999998,61.69,9.7,False
IMG_5062.JPG,40.72969444444445,-73.99743611111111,2026:04:28 20:25:10,,,,,,,True
IMG_5063.JPG,40.72968888888889,-73.99743611111111,2026:04:28 20:25:11,,,,,,,True
IMG_5064.JPG,40.729683333333334,-73.99745277777778,2026:04:28 20:25:12,0/20161103/ec0dd1f4ab6e9e7e/cds-ec0dd1f4ab6e9e7e-20161103-1322.raw/3/dr5rsnseu79y-dr5rsnseu7hx-cds-ec0dd1f4ab6e9e7e-20161103-1322-41.jpg,47713079.0,40.7297285,-73.99754140000002,57.56,9.0,False
IMG_5065.JPG,40.729675,-73.99746111111111,2026:04:28 20:25:13,,,,,,,True
IMG_5066.JPG,40.72966388888889,-73.99746666666667,2026:04:28 20:25:15,,,,,,,True
IMG_5067.JPG,40.72965555555556,-73.99748055555555,2026:04:28 20:25:16,,,,,,,True
IMG_5068.JPG,40.729644444444446,-73.99749722222222,2026:04:28 20:25:17,,,,,,,True
IMG_5069.JPG,40.729647222222226,-73.99749722222222,2026:04:28 20:25:18,,,,,,,True
17.JPG,40.729977777777776,-73.99168333333333,2026:04:28 20:10:08,,,,,,,True
IMG_5070.JPG,40.72965277777778,-73.99750555555556,2026:04:28 20:25:19,,,,,,,True
IMG_5071.JPG,40.72965555555556,-73.99751388888889,2026:04:28 20:25:21,,,,,,,True
IMG_5071.JPG,40.729644444444446,-73.99751944444445,2026:04:28 20:25:21,0/20160915/fdeb4f0c0eb1bc3c/cds-fdeb4f0c0eb1bc3c-20160915-1338.raw/3/dr5rsnsedvvn-dr5rsnseee4q-cds-fdeb4f0c0eb1bc3c-20160915-1338-79.jpg,38224248.0,40.7296977,-73.99760140000002,61.32,9.1,False
IMG_5073.JPG,40.72965277777778,-73.99752777777778,2026:04:28 20:25:22,,,,,,,True
IMG_5074.JPG,40.72961388888889,-73.99757222222222,2026:04:28 20:25:28,,,,,,,True
IMG_5075.JPG,40.729572222222224,-73.99764444444445,2026:04:28 20:25:29,0/20161028/79ddade2485edbde/cds-79ddade2485edbde-20161028-0913.raw/3/dr5rsnsdcruz-dr5rsnsdcx2n-cds-79ddade2485edbde-20161028-0913-53.jpg,45300752.0,40.7295798,-73.99766629999998,61.92,2.03,False
IMG_5075.JPG,40.729572222222224,-73.99765000000001,2026:04:28 20:25:29,0/20161103/ec0dd1f4ab6e9e7e/cds-ec0dd1f4ab6e9e7e-20161103-1322.raw/3/dr5rsnse168b-dr5rsnse18vq-cds-ec0dd1f4ab6e9e7e-20161103-1322-40.jpg,47713078.0,40.7295935,-73.99767170000001,60.41,2.99,False
IMG_5077.JPG,40.72946944444445,-73.99778611111111,2026:04:28 20:25:30,,,,,,,True
IMG_5078.JPG,40.72950277777778,-73.99772777777778,2026:04:28 20:25:31,,,,,,,True
IMG_5079.JPG,40.72948888888889,-73.99773333333333,2026:04:28 20:25:32,,,,,,,True
18.JPG,40.72996944444445,-73.99170555555555,2026:04:28 20:10:09,,,,,,,True
IMG_5080.JPG,40.72938611111111,-73.99771944444444,2026:04:28 20:25:48,,,,,,,True
IMG_5081.JPG,40.729400000000005,-73.99775555555556,2026:04:28 20:25:49,,,,,,,True
IMG_5081.JPG,40.729400000000005,-73.99775555555556,2026:04:28 20:25:49,,,,,,,True
IMG_5173.JPG,40.73036944444445,-73.99813055555556,2026:04:28 20:38:54,,,,,,,True
IMG_5178.JPG,40.73038055555555,-73.99817777777778,2026:04:28 20:39:09,,,,,,,True
IMG_5182.JPG,40.73044166666667,-73.9982611111111,2026:04:28 20:39:16,0/20160611/fdeb4f0c0eb1bc3c/cds-fdeb4f0c0eb1bc3c-20160611-1149.raw/3/dr5rsnspgr02-dr5rsnspf8dv-cds-fdeb4f0c0eb1bc3c-20160611-1149-95.jpg,3167035.0,40.73043300000001,-73.998273,59.3652,1.39,False
IMG_5188.JPG,40.7304,-73.99813888888889,2026:04:28 20:40:02,0/20161010/79ddade2485edbde/cds-79ddade2485edbde-20161010-1029.raw/3/dr5rsnspvghk-dr5rsnspsb2z-cds-79ddade2485edbde-20161010-1029-11.jpg,42597214.0,40.7304121,-73.9981604,61.11,2.26,False
IMG_5189.JPG,40.73043611111111,-73.99833611111112,2026:04:28 20:40:04,0/20160903/8eb89b94275011e0/cds-8eb89b94275011e0-20160903-0810.raw/3/dr5rsnu0403h-dr5rsnspcsmj-cds-8eb89b94275011e0-20160903-0810-55.jpg,34773331.0,40.7304404,-73.99832559999999,57.11,1.01,False
IMG_5190.JPG,40.73045277777778,-73.99829722222222,2026:04:28 20:40:05,0/20161029/7c641b4cb6bb1253/cds-7c641b4cb6bb1253-20161029-1023.raw/3/dr5rsnu047wu-dr5rsnspcsrv-cds-7c641b4cb6bb1253-20161029-1023-42.jpg,45808059.0,40.7304577,-73.9983073,34.56,1.01,False
IMG_5191.JPG,40.73046111111111,-73.99834444444444,2026:04:28 20:40:06,0/20161029/7c641b4cb6bb1253/cds-7c641b4cb6bb1253-20161029-1023.raw/3/dr5rsnu047wu-dr5rsnspcsrv-cds-7c641b4cb6bb1253-20161029-1023-42.jpg,45808059.0,40.7304577,-73.9983073,34.56,3.15,False
19.JPG,40.72996944444445,-73.99170555555555,2026:04:28 20:10:10,,,,,,,True
IMG_5192.JPG,40.73048055555556,-73.99836666666667,2026:04:28 20:40:08,0/20161027/af6b56897db9da88/cds-af6b56897db9da88-20161027-1312.raw/3/dr5rsnu027pq-dr5rsngbpu0x-cds-af6b56897db9da88-20161027-1312-122.jpg,45894081.0,40.7304984,-73.9983926,59.44,2.95,False
IMG_5193.JPG,40.73050555555556,-73.99845277777779,2026:04:28 20:40:18,0/20160912/79ddade2485edbde/cds-79ddade2485edbde-20160912-1114.raw/3/dr5rsngbrmvr-dr5rsngbnzc3-cds-79ddade2485edbde-20160912-1114-75.jpg,37206565.0,40.7305133,-73.99843790000001,62.3,1.52,False
IMG_5194.JPG,40.73051388888889,-73.99845277777779,2026:04:28 20:40:20,0/20160708/79ddade2485edbde/cds-79ddade2485edbde-20160708-1217.raw/3/dr5rsngbr3t1-dr5rsngbpn7x-cds-79ddade2485edbde-20160708-1217-74.jpg,850332.0,40.7304894,-73.99843829999998,61.97,2.98,False
IMG_5195.JPG,40.73051111111111,-73.99844444444444,2026:04:28 20:40:22,0/20160708/79ddade2485edbde/cds-79ddade2485edbde-20160708-1217.raw/3/dr5rsngbr6d1-dr5rsngbnzp3-cds-79ddade2485edbde-20160708-1217-75.jpg,850333.0,40.7304948,-73.99844250000002,61.51,1.82,False
IMG_5213.JPG,40.73065555555556,-73.99874722222222,2026:04:28 20:41:09,,,,,,,True
IMG_5218.JPG,40.73067777777778,-73.99881666666667,2026:04:28 20:41:16,0/20160611/fdeb4f0c0eb1bc3c/cds-fdeb4f0c0eb1bc3c-20160611-1149.raw/3/dr5rsng9rwgt-dr5rsng9nzej-cds-fdeb4f0c0eb1bc3c-20160611-1149-84.jpg,3167024.0,40.73069,-73.998773,59.7274,3.92,False
IMG_5222.JPG,40.73068888888889,-73.99883333333334,2026:04:28 20:41:23,0/20160903/8eb89b94275011e0/cds-8eb89b94275011e0-20160903-0810.raw/3/dr5rsng9t64t-dr5rsng9mn8z-cds-8eb89b94275011e0-20160903-0810-51.jpg,34773327.0,40.7307073,-73.9988709,59.8,3.77,False
IMG_5225.JPG,40.730719444444446,-73.99889444444445,2026:04:28 20:41:47,,,,,,,True
IMG_5233.JPG,40.73066111111111,-73.99893055555556,2026:04:28 20:42:05,,,,,,,True
IMG_5235.JPG,40.73063611111111,-73.99894722222223,2026:04:28 20:42:06,,,,,,,True
2.JPG,40.72992222222222,-73.99070555555555,2026:04:28 20:07:16,,,,,,,True
20.JPG,40.72996111111112,-73.99173055555556,2026:04:28 20:10:11,,,,,,,True
IMG_5236.JPG,40.73063611111111,-73.99894722222223,2026:04:28 20:42:07,,,,,,,True
IMG_5388.JPG,40.732194444444445,-73.99867222222223,2026:04:28 20:48:19,,,,,,,True
IMG_5389.JPG,40.732194444444445,-73.99867222222223,2026:04:28 20:48:20,,,,,,,True
IMG_5390.JPG,40.73221111111111,-73.99864166666667,2026:04:28 20:48:23,,,,,,,True
IMG_5391.JPG,40.732216666666666,-73.99865,2026:04:28 20:48:24,0/20161215/e5df139233770dec/cds-e5df139233770dec-20161215-1045.raw/4/dr5rsp5f76k5-dr5rsp5f766n-cds-e5df139233770dec-20161215-1045-62.jpg,54745147.0,40.7322104,-73.9986115,-146.56,3.32,False
IMG_5394.JPG,40.73224444444445,-73.99863611111111,2026:04:28 20:48:27,,,,,,,True
IMG_5395.JPG,40.73224444444445,-73.99862777777778,2026:04:28 20:48:29,,,,,,,True
IMG_5421.JPG,40.73195555555556,-73.99824444444445,2026:04:28 20:50:04,0/20161027/af6b56897db9da88/cds-af6b56897db9da88-20161027-1312.raw/3/dr5rsph0gdnh-dr5rsph1hvwz-cds-af6b56897db9da88-20161027-1312-71.jpg,45894030.0,40.7319517,-73.9982546,61.27,0.96,False
IMG_5421.JPG,40.73195277777778,-73.99823055555555,2026:04:28 20:50:04,,,,,,,True
IMG_5437.JPG,40.73186388888889,-73.99805555555555,2026:04:28 20:50:18,0/20161027/af6b56897db9da88/cds-af6b56897db9da88-20161027-1312.raw/3/dr5rsph0qy05-dr5rsph2b1bd-cds-af6b56897db9da88-20161027-1312-68.jpg,45894027.0,40.7318872,-73.99812320000002,62.62,6.26,False
21.JPG,40.729958333333336,-73.99178333333333,2026:04:28 20:10:12,,,,,,,True
IMG_5448.JPG,40.731830555555554,-73.99791666666667,2026:04:28 20:50:28,,,,,,,True
IMG_5455.JPG,40.73181944444445,-73.997825,2026:04:28 20:51:20,0/20160629/79ddade2485edbde/cds-79ddade2485edbde-20160629-0823.raw/3/dr5rsph2m67j-dr5rsph2hyx7-cds-79ddade2485edbde-20160629-0823-134.jpg,1929552.0,40.7318674,-73.9978403,66.12,5.49,False
IMG_5476.JPG,40.73168055555555,-73.99757222222222,2026:04:28 20:51:46,0/20161027/af6b56897db9da88/cds-af6b56897db9da88-20161027-1312.raw/3/dr5rsnux7ghx-dr5rsnux7gqk-cds-af6b56897db9da88-20161027-1312-62.jpg,45894021.0,40.73170020000001,-73.99755920000001,61.68,2.44,False
IMG_5522.JPG,40.73143888888889,-73.99693888888889,2026:04:28 20:54:54,,,,,,,True
IMG_5620.JPG,40.73240555555556,-73.99600277777778,2026:04:28 20:58:12,0/20160722/79ddade2485edbde/cds-79ddade2485edbde-20160722-1122.raw/3/dr5rspjez0fw-dr5rspjsh3vf-cds-79ddade2485edbde-20160722-1122-175.jpg,16078725.0,40.73246029999999,-73.9960493,133.83,7.24,False
IMG_5634.JPG,40.73245277777778,-73.99577222222223,2026:04:28 20:58:40,0/20160702/63fa6a79d3217a87/cds-63fa6a79d3217a87-20160702-1144.raw/3/dr5rspjgvg3k-dr5rspnj1z73-cds-63fa6a79d3217a87-20160702-1144-1.jpg,1496930.0,40.7324734,-73.9957612,57.04,2.47,False
IMG_5697.JPG,40.733330555555554,-73.99548333333334,2026:04:28 21:00:05,0/20170211/6fef7e6f017c3f89/cds-6fef7e6f017c3f89-20170211-1128.raw/3/dr5rspq0gzgk-dr5rspq1kupb-cds-6fef7e6f017c3f89-20170211-1128-80.jpg,64588244.0,40.7333559,-73.995501,148.54,3.19,False
IMG_5698.JPG,40.733336111111115,-73.99548333333334,2026:04:28 21:00:06,0/20161029/6fef7e6f017c3f89/cds-6fef7e6f017c3f89-20161029-1347.raw/3/dr5rspq1j1xd-dr5rspq1mbye-cds-6fef7e6f017c3f89-20161029-1347-188.jpg,46099053.0,40.7333649,-73.9954417,75.94,4.75,False
IMG_5699.JPG,40.73334722222222,-73.99546944444444,2026:04:28 21:00:07,,,,,,,True
IMG_5700.JPG,40.73338611111111,-73.99546111111111,2026:04:28 21:00:14,,,,,,,True
22.JPG,40.72995,-73.99180555555556,2026:04:28 20:10:13,,,,,,,True
IMG_5701.JPG,40.73338888888889,-73.99546944444444,2026:04:28 21:00:16,,,,,,,True
IMG_5701.JPG,40.73338888888889,-73.99546944444444,2026:04:28 21:00:16,,,,,,,True
IMG_5703.JPG,40.73338611111111,-73.995475,2026:04:28 21:00:17,0/20161229/b6d8aab376c7ce54/cds-b6d8aab376c7ce54-20161229-1143.raw/4/dr5rspq1jq0d-dr5rspq1m9uc-cds-b6d8aab376c7ce54-20161229-1143-42.jpg,57174601.0,40.7333891,-73.9954403,160.44,2.94,False
IMG_5704.JPG,40.73340555555556,-73.99562777777778,2026:04:28 21:09:25,,,,,,,True
IMG_5705.JPG,40.73345277777778,-73.99548333333334,2026:04:28 21:09:26,,,,,,,True
IMG_5706.JPG,40.73345277777778,-73.99548333333334,2026:04:28 21:09:27,,,,,,,True
IMG_5707.JPG,40.733472222222225,-73.99544444444444,2026:04:28 21:09:28,0/20160629/63fa6a79d3217a87/cds-63fa6a79d3217a87-20160629-1837.raw/3/dr5rspq1td07-dr5rspq1ssy3-cds-63fa6a79d3217a87-20160629-1837-34.jpg,1906014.0,40.733468,-73.995465,54.72,1.79,False
IMG_5708.JPG,40.73347777777778,-73.99543888888888,2026:04:28 21:09:29,0/20161119/a32b6ec5cde27e3a/cds-a32b6ec5cde27e3a-20161119-1146.raw/3/dr5rspq1ucn9-dr5rspq1v09q-cds-a32b6ec5cde27e3a-20161119-1146-131.jpg,49322213.0,40.733489,-73.99545,56.44,1.56,False
IMG_5709.JPG,40.73348888888889,-73.9954,2026:04:28 21:09:31,,,,,,,True
IMG_5710.JPG,40.733497222222226,-73.99537777777778,2026:04:28 21:09:32,,,,,,,True
23.JPG,40.72999444444444,-73.99184444444444,2026:04:28 20:10:16,,,,,,,True
IMG_5711.JPG,40.733513888888886,-73.99533055555555,2026:04:28 21:09:33,,,,,,,True
IMG_5711.JPG,40.733513888888886,-73.99531388888889,2026:04:28 21:09:33,,,,,,,True
IMG_5713.JPG,40.733513888888886,-73.99531388888889,2026:04:28 21:09:34,,,,,,,True
IMG_5714.JPG,40.73351666666667,-73.99529444444444,2026:04:28 21:09:35,,,,,,,True
IMG_5715.JPG,40.73351666666667,-73.9952611111111,2026:04:28 21:09:36,,,,,,,True
IMG_5716.JPG,40.73351944444445,-73.99524722222222,2026:04:28 21:09:38,,,,,,,True
IMG_5717.JPG,40.73351944444445,-73.99523888888889,2026:04:28 21:09:39,,,,,,,True
IMG_5718.JPG,40.73351944444445,-73.99523055555555,2026:04:28 21:09:40,,,,,,,True
IMG_5719.JPG,40.73352777777778,-73.99521666666666,2026:04:28 21:09:43,,,,,,,True
IMG_5720.JPG,40.73354444444445,-73.99520277777778,2026:04:28 21:09:45,,,,,,,True
24.JPG,40.73,-73.99185277777778,2026:04:28 20:10:17,,,,,,,True
IMG_5721.JPG,40.73354722222222,-73.99519444444445,2026:04:28 21:09:46,,,,,,,True
IMG_5722.JPG,40.733555555555554,-73.99518611111111,2026:04:28 21:09:47,0/20160706/63fa6a79d3217a87/cds-63fa6a79d3217a87-20160706-1247.raw/3/dr5rspq4wghx-dr5rspq4x3em-cds-63fa6a79d3217a87-20160706-1247-113.jpg,1061310.0,40.733623,-73.995351,55.62,15.79,False
IMG_5723.JPG,40.73356666666667,-73.99517777777778,2026:04:28 21:09:48,,,,,,,True
IMG_5724.JPG,40.73357222222222,-73.99516944444444,2026:04:28 21:09:50,,,,,,,True
IMG_5725.JPG,40.733580555555555,-73.99516944444444,2026:04:28 21:09:51,,,,,,,True
IMG_5726.JPG,40.73358888888889,-73.99515555555556,2026:04:28 21:09:52,0/20161123/1ccda49b184cb0ef/cds-1ccda49b184cb0ef-20161123-1311.raw/3/dr5rspq5j5q7-dr5rspq6b1d2-cds-1ccda49b184cb0ef-20161123-1311-123.jpg,50558523.0,40.7337179,-73.9954434,59.62,11.87,False
IMG_5727.JPG,40.73359722222222,-73.99515555555556,2026:04:28 21:09:53,,,,,,,True
IMG_5728.JPG,40.73363888888889,-73.99513888888889,2026:04:28 21:09:54,0/20161011/fdeb4f0c0eb1bc3c/cds-fdeb4f0c0eb1bc3c-20161011-1343.raw/3/dr5rspq5qbp3-dr5rspq70cdn-cds-fdeb4f0c0eb1bc3c-20161011-1343-46.jpg,42956647.0,40.73370900000001,-73.995288,60.78,14.79,False
IMG_5729.JPG,40.73365,-73.995125,2026:04:28 21:09:55,,,,,,,True
IMG_5730.JPG,40.73366388888889,-73.99511666666666,2026:04:28 21:09:56,0/20160825/79ddade2485edbde/cds-79ddade2485edbde-20160825-1600.raw/3/dr5rspq5rfrz-dr5rspq71npw-cds-79ddade2485edbde-20160825-1600-120.jpg,33297880.0,40.733733,-73.99526999999998,72.73,15.03,False
25.JPG,40.73,-73.9918611111111,2026:04:28 20:10:18,,,,,,,True
IMG_5731.JPG,40.73368055555556,-73.99511111111111,2026:04:28 21:09:57,0/20161117/7c641b4cb6bb1253/cds-7c641b4cb6bb1253-20161117-1300.raw/3/dr5rspq6grr0-dr5rspq71q83-cds-7c641b4cb6bb1253-20161117-1300-166.jpg,49206678.0,40.733735,-73.995269,54.72,14.62,False
IMG_5732.JPG,40.73368888888889,-73.99511111111111,2026:04:28 21:09:58,,,,,,,True
IMG_5733.JPG,40.7337,-73.99510277777777,2026:04:28 21:10:00,0/20161107/8b82a42e5a149e22/cds-8b82a42e5a149e22-20161107-0821.raw/3/dr5rspq78bts-dr5rspq73vk8-cds-8b82a42e5a149e22-20161107-0821-58.jpg,47034472.0,40.733771,-73.995242,60.6,14.14,False
IMG_5733.JPG,40.73376388888889,-73.99500277777778,2026:04:28 21:10:00,,,,,,,True
IMG_5735.JPG,40.73376388888889,-73.99500277777778,2026:04:28 21:10:01,,,,,,,True
IMG_5736.JPG,40.733780555555555,-73.99501944444445,2026:04:28 21:10:02,0/20161107/8b82a42e5a149e22/cds-8b82a42e5a149e22-20161107-0754.raw/3/dr5rspqk1cbd-dr5rspq7gk93-cds-8b82a42e5a149e22-20161107-0754-13.jpg,47032386.0,40.733853,-73.995182,61.4,15.89,False
IMG_5737.JPG,40.73381111111111,-73.99501944444445,2026:04:28 21:10:03,0/20161209/79ddade2485edbde/cds-79ddade2485edbde-20161209-0807.raw/3/dr5rspqk4fky-dr5rspq7gxfv-cds-79ddade2485edbde-20161209-0807-81.jpg,53346102.0,40.733871,-73.99516899999998,62.68,14.25,False
IMG_5738.JPG,40.73383333333334,-73.9950638888889,2026:04:28 21:10:06,,,,,,,True
IMG_5739.JPG,40.733847222222224,-73.99504722222223,2026:04:28 21:10:07,0/20161209/79ddade2485edbde/cds-79ddade2485edbde-20161209-0807.raw/3/dr5rspqk3fmr-dr5rspqk5gmq-cds-79ddade2485edbde-20161209-0807-79.jpg,53346098.0,40.73389,-73.99515500000003,61.9,10.25,False
IMG_5739.JPG,40.73386111111111,-73.99504722222223,2026:04:28 21:10:07,0/20161209/79ddade2485edbde/cds-79ddade2485edbde-20161209-0807.raw/3/dr5rspqk61xk-dr5rspqk5gy4-cds-79ddade2485edbde-20161209-0807-78.jpg,53346095.0,40.733892,-73.995154,62.61,9.63,False
26.JPG,40.73000277777778,-73.9918611111111,2026:04:28 20:10:19,,,,,,,True
IMG_5741.JPG,40.73386388888889,-73.9950638888889,2026:04:28 21:10:08,0/20160916/8b82a42e5a149e22/cds-8b82a42e5a149e22-20160916-1135.raw/3/dr5rspq7yjrr-dr5rspqkhhcy-cds-8b82a42e5a149e22-20160916-1135-11.jpg,38122898.0,40.733898,-73.995149,63.16,8.11,False
IMG_5742.JPG,40.73386944444445,-73.99505555555555,2026:04:28 21:10:09,0/20160728/90e9ed36f13dd646/cds-90e9ed36f13dd646-20160728-1838.raw/3/dr5rspqk9332-dr5rspqkhr0t-cds-90e9ed36f13dd646-20160728-1838-160.jpg,16787557.0,40.73391,-73.99514,81.99,8.42,False
IMG_5743.JPG,40.73388611111111,-73.99504722222223,2026:04:28 21:10:10,0/20161027/af6b56897db9da88/cds-af6b56897db9da88-20161027-1312.raw/3/dr5rspqkjrcn-dr5rspqkkd3e-cds-af6b56897db9da88-20161027-1312-38.jpg,45893997.0,40.733927,-73.99512800000002,60.43,8.19,False
IMG_5744.JPG,40.73390277777778,-73.99504722222223,2026:04:28 21:10:11,0/20161029/6fef7e6f017c3f89/cds-6fef7e6f017c3f89-20161029-1347.raw/3/dr5rspqknwqg-dr5rspqkkubb-cds-6fef7e6f017c3f89-20161029-1347-184.jpg,46099049.0,40.73394,-73.995118,68.1,7.26,False
IMG_5745.JPG,40.73393055555556,-73.99504722222223,2026:04:28 21:10:14,,,,,,,True
IMG_5746.JPG,40.73394444444445,-73.99505555555555,2026:04:28 21:10:16,,,,,,,True
IMG_5759.JPG,40.734141666666666,-73.99486388888889,2026:04:28 21:10:38,0/20161103/8b82a42e5a149e22/cds-8b82a42e5a149e22-20161103-1202.raw/3/dr5rspqqj715-dr5rspqt8xwk-cds-8b82a42e5a149e22-20161103-1202-23.jpg,46540772.0,40.73417,-73.99495,59.65,7.91,False
IMG_5760.JPG,40.73415277777778,-73.99485,2026:04:28 21:10:40,,,,,,,True
IMG_5761.JPG,40.734180555555554,-73.99485,2026:04:28 21:10:41,0/20160927/79ddade2485edbde/cds-79ddade2485edbde-20160927-1358.raw/3/dr5rspqtfkw7-dr5rspqtcry5-cds-79ddade2485edbde-20160927-1358-50.jpg,40484349.0,40.734214,-73.994918,62.41,6.83,False
IMG_5762.JPG,40.7342,-73.99481111111112,2026:04:28 21:10:45,,,,,,,True
27.JPG,40.73000277777778,-73.99186666666667,2026:04:28 20:10:20,,,,,,,True
IMG_5763.JPG,40.73418888888889,-73.99481111111112,2026:04:28 21:10:46,0/20161213/a32b6ec5cde27e3a/cds-a32b6ec5cde27e3a-20161213-1238.raw/3/dr5rspqtgt0u-dr5rspqw1epb-cds-a32b6ec5cde27e3a-20161213-1238-79.jpg,54595611.0,40.734231,-73.994905,86.34,9.19,False
IMG_5764.JPG,40.734205555555555,-73.99478055555555,2026:04:28 21:10:48,0/20161114/a32b6ec5cde27e3a/cds-a32b6ec5cde27e3a-20161114-0839.raw/3/dr5rspqtve8j-dr5rspqw4ngn-cds-a32b6ec5cde27e3a-20161114-0839-124.jpg,48554507.0,40.73425200000001,-73.99489,57.25,10.57,False
IMG_5765.JPG,40.73421944444445,-73.99475277777778,2026:04:28 21:10:50,,,,,,,True
IMG_5766.JPG,40.734205555555555,-73.99475277777778,2026:04:28 21:10:52,,,,,,,True
IMG_5767.JPG,40.73423888888889,-73.99473611111111,2026:04:28 21:10:54,0/20160722/79ddade2485edbde/cds-79ddade2485edbde-20160722-1122.raw/3/dr5rspqw75wv-dr5rspqw6tmw-cds-79ddade2485edbde-20160722-1122-157.jpg,16078707.0,40.734287,-73.994865,137.51,12.11,False
IMG_5768.JPG,40.734252777777776,-73.99473611111111,2026:04:28 21:10:55,0/20161231/6fef7e6f017c3f89/cds-6fef7e6f017c3f89-20161231-0929.raw/3/dr5rspqw9thk-dr5rspqwdbxk-cds-6fef7e6f017c3f89-20161231-0929-89.jpg,57523278.0,40.734304,-73.99485200000002,80.1,11.3,False
IMG_5769.JPG,40.73426388888889,-73.99472777777778,2026:04:28 21:10:57,0/20161213/a32b6ec5cde27e3a/cds-a32b6ec5cde27e3a-20161213-1238.raw/3/dr5rspqwktd3-dr5rspqwe47c-cds-a32b6ec5cde27e3a-20161213-1238-78.jpg,54595610.0,40.734313,-73.994846,88.16,11.36,False
IMG_5770.JPG,40.73426944444444,-73.9947138888889,2026:04:28 21:10:58,,,,,,,True
IMG_5771.JPG,40.73428333333334,-73.99470555555556,2026:04:28 21:11:00,,,,,,,True
279.JPG,40.734325,-73.99468055555556,2026:04:28 21:11:03,,,,,,,True
28.JPG,40.73000277777778,-73.99186666666667,2026:04:28 20:10:21,,,,,,,True
280.JPG,40.73431388888889,-73.99468055555556,2026:04:28 21:11:05,,,,,,,True
281.JPG,40.73431111111111,-73.994675,2026:04:28 21:11:06,,,,,,,True
282.JPG,40.73431111111111,-73.9946361111111,2026:04:28 21:11:08,,,,,,,True
283.JPG,40.73431111111111,-73.99462777777778,2026:04:28 21:11:09,,,,,,,True
284.JPG,40.73433888888889,-73.99462777777778,2026:04:28 21:11:10,,,,,,,True
285.JPG,40.73438888888889,-73.99462777777778,2026:04:28 21:11:11,,,,,,,True
286.JPG,40.73440277777778,-73.99461388888889,2026:04:28 21:11:12,,,,,,,True
287.JPG,40.734430555555555,-73.99458333333334,2026:04:28 21:11:15,,,,,,,True
288.JPG,40.734452777777776,-73.99456944444445,2026:04:28 21:11:17,,,,,,,True
289.JPG,40.73446388888889,-73.994575,2026:04:28 21:11:18,,,,,,,True
29.JPG,40.72999444444444,-73.99188055555555,2026:04:28 20:10:21,,,,,,,True
290.JPG,40.73446666666667,-73.99456944444445,2026:04:28 21:11:19,,,,,,,True
291.JPG,40.73448888888889,-73.99455277777778,2026:04:28 21:11:21,,,,,,,True
292.JPG,40.73451111111111,-73.99454444444444,2026:04:28 21:11:22,,,,,,,True
293.JPG,40.73453055555556,-73.99453611111112,2026:04:28 21:11:24,,,,,,,True
294.JPG,40.734544444444445,-73.99453611111112,2026:04:28 21:11:25,,,,,,,True
295.JPG,40.73455,-73.99453055555556,2026:04:28 21:11:26,,,,,,,True
296.JPG,40.73456388888889,-73.99451388888889,2026:04:28 21:11:27,,,,,,,True
297.JPG,40.734572222222226,-73.9945,2026:04:28 21:11:28,,,,,,,True
298.JPG,40.73458055555556,-73.99449166666666,2026:04:28 21:11:29,,,,,,,True
299.JPG,40.73463888888889,-73.99447777777777,2026:04:28 21:11:36,,,,,,,True
3.JPG,40.729930555555555,-73.99073055555556,2026:04:28 20:07:17,,,,,,,True
30.JPG,40.72999166666667,-73.99189722222222,2026:04:28 20:10:22,,,,,,,True
300.JPG,40.73536388888889,-73.99409444444444,2026:04:28 21:12:46,,,,,,,True
301.JPG,40.73540277777778,-73.99406388888889,2026:04:28 21:12:47,,,,,,,True
302.JPG,40.73533055555556,-73.99408611111112,2026:04:28 21:12:49,,,,,,,True
303.JPG,40.735325,-73.99407222222223,2026:04:28 21:12:50,,,,,,,True
304.JPG,40.73524166666667,-73.99413333333334,2026:04:28 21:12:51,,,,,,,True
305.JPG,40.73521388888889,-73.99411944444445,2026:04:28 21:12:52,,,,,,,True
306.JPG,40.735169444444445,-73.99417777777778,2026:04:28 21:12:53,,,,,,,True
307.JPG,40.73518055555556,-73.99417777777778,2026:04:28 21:12:55,,,,,,,True
308.JPG,40.73521388888889,-73.994125,2026:04:28 21:12:56,,,,,,,True
309.JPG,40.735197222222226,-73.99413333333334,2026:04:28 21:12:57,,,,,,,True
31.JPG,40.72999166666667,-73.99189722222222,2026:04:28 20:10:22,,,,,,,True
310.JPG,40.73520555555556,-73.99413888888888,2026:04:28 21:12:58,,,,,,,True
311.JPG,40.73517777777778,-73.99413888888888,2026:04:28 21:12:59,,,,,,,True
312.JPG,40.73520555555556,-73.99411111111111,2026:04:28 21:13:00,,,,,,,True
313.JPG,40.73524444444445,-73.99407222222223,2026:04:28 21:13:01,,,,,,,True
314.JPG,40.735261111111114,-73.99407222222223,2026:04:28 21:13:02,,,,,,,True
315.JPG,40.735275,-73.99406388888889,2026:04:28 21:13:03,,,,,,,True
316.JPG,40.73529722222222,-73.99406388888889,2026:04:28 21:13:04,,,,,,,True
317.JPG,40.73531666666667,-73.99405555555556,2026:04:28 21:13:05,,,,,,,True
318.JPG,40.735325,-73.99404722222222,2026:04:28 21:13:06,,,,,,,True
319.JPG,40.73533055555556,-73.99404166666666,2026:04:28 21:13:07,,,,,,,True
32.JPG,40.72998888888889,-73.99191944444445,2026:04:28 20:10:23,,,,,,,True
320.JPG,40.73536111111111,-73.99403333333333,2026:04:28 21:13:10,,,,,,,True
321.JPG,40.73536944444445,-73.99401944444445,2026:04:28 21:13:12,,,,,,,True
322.JPG,40.735375,-73.99401944444445,2026:04:28 21:13:12,,,,,,,True
323.JPG,40.73538055555556,-73.9940111111111,2026:04:28 21:13:13,,,,,,,True
324.JPG,40.73538888888889,-73.99400277777778,2026:04:28 21:13:14,,,,,,,True
325.JPG,40.735397222222225,-73.99400277777778,2026:04:28 21:13:16,,,,,,,True
326.JPG,40.735397222222225,-73.99399444444444,2026:04:28 21:13:17,,,,,,,True
327.JPG,40.73540277777778,-73.99399444444444,2026:04:28 21:13:18,,,,,,,True
328.JPG,40.73540277777778,-73.99399444444444,2026:04:28 21:13:18,,,,,,,True
329.JPG,40.73541388888889,-73.9939888888889,2026:04:28 21:13:19,,,,,,,True
33.JPG,40.72998888888889,-73.99191944444445,2026:04:28 20:10:24,,,,,,,True
330.JPG,40.735416666666666,-73.99398055555555,2026:04:28 21:13:20,,,,,,,True
331.JPG,40.73541388888889,-73.9939888888889,2026:04:28 21:13:22,,,,,,,True
332.JPG,40.73544444444445,-73.99396388888889,2026:04:28 21:13:26,,,,,,,True
333.JPG,40.735458333333334,-73.99395833333334,2026:04:28 21:13:33,,,,,,,True
334.JPG,40.73542777777778,-73.99395,2026:04:28 21:13:34,,,,,,,True
335.JPG,40.73544444444445,-73.99388888888889,2026:04:28 21:13:37,,,,,,,True
336.JPG,40.73546944444445,-73.99388888888889,2026:04:28 21:13:38,,,,,,,True
337.JPG,40.73549722222222,-73.99389722222222,2026:04:28 21:13:39,,,,,,,True
IMG_4883.JPG,40.730725,-73.99555277777777,2026:04:28 20:19:14,0/20160629/63fa6a79d3217a87/cds-63fa6a79d3217a87-20160629-1837.raw/3/dr5rsny1f68q-dr5rsny1f8y4-cds-63fa6a79d3217a87-20160629-1837-93.jpg,1906073.0,40.730743,-73.995551,54.11,2.01,False
IMG_4884.JPG,40.730725,-73.99556666666666,2026:04:28 20:19:17,0/20161228/eb7787c410c46511/cds-eb7787c410c46511-20161228-0924.raw/3/dr5rsny1efeg-dr5rsny17xdm-cds-eb7787c410c46511-20161228-0924-59.jpg,57107579.0,40.730694,-73.995513,63.71,5.69,False
IMG_4885.JPG,40.73073055555556,-73.99558888888889,2026:04:28 20:19:18,0/20161213/a32b6ec5cde27e3a/cds-a32b6ec5cde27e3a-20161213-1238.raw/3/dr5rsny19uvv-dr5rsny1dj9u-cds-a32b6ec5cde27e3a-20161213-1238-115.jpg,54595647.0,40.730726,-73.99557800000002,-74.81,1.05,False
IMG_4886.JPG,40.73073055555556,-73.99559722222223,2026:04:28 20:19:19,0/20161213/a32b6ec5cde27e3a/cds-a32b6ec5cde27e3a-20161213-1238.raw/3/dr5rsny19uvv-dr5rsny1dj9u-cds-a32b6ec5cde27e3a-20161213-1238-115.jpg,54595647.0,40.730726,-73.99557800000002,-74.81,1.7,False
IMG_4887.JPG,40.730738888888894,-73.99561388888888,2026:04:28 20:19:20,0/20161228/eb7787c410c46511/cds-eb7787c410c46511-20161228-0924.raw/3/dr5rsny40x70-dr5rsnvczwz2-cds-eb7787c410c46511-20161228-0924-57.jpg,57107575.0,40.730775,-73.995678,60.7,6.73,False
IMG_4888.JPG,40.73074444444445,-73.99563611111111,2026:04:28 20:19:22,0/20161228/eb7787c410c46511/cds-eb7787c410c46511-20161228-0924.raw/3/dr5rsny426qv-dr5rsnvfp2h4-cds-eb7787c410c46511-20161228-0924-56.jpg,57107574.0,40.730782,-73.995693,60.85,6.36,False
IMG_4889.JPG,40.73066388888889,-73.99562777777778,2026:04:28 20:19:37,,,,,,,True
IMG_4890.JPG,40.73066388888889,-73.99562777777778,2026:04:28 20:19:38,0/20160802/ea91d096e3932939/cds-ea91d096e3932939-20160802-0951.raw/4/dr5rsny13zy5-dr5rsny198xe-cds-ea91d096e3932939-20160802-0951-55.jpg,17558604.0,40.730699,-73.995592,103.41,4.93,False
IMG_4891.JPG,40.73065277777778,-73.99563611111111,2026:04:28 20:19:40,0/20160619/bd209a4b83760d6b/cds-bd209a4b83760d6b-20160619-1433.raw/4/dr5rsny114mw-dr5rsny10mpr-cds-bd209a4b83760d6b-20160619-1433-63.jpg,2342316.0,40.730638,-73.995646,49.9312,1.84,False
IMG_4892.JPG,40.730625,-73.99564444444445,2026:04:28 20:19:41,0/20160805/26a802125797d5af/cds-26a802125797d5af-20160805-1234.raw/4/dr5rsnvcp2ny-dr5rsnvbzycs-cds-26a802125797d5af-20160805-1234-78.jpg,21275363.0,40.730604,-73.995675,64.3,3.48,False
IMG_4893.JPG,40.73061111111112,-73.99565833333334,2026:04:28 20:19:42,,,,,,,True
IMG_4894.JPG,40.73060277777778,-73.99566666666666,2026:04:28 20:19:43,0/20161028/bd209a4b83760d6b/cds-bd209a4b83760d6b-20161028-0913.raw/4/dr5rsny094wk-dr5rsnvbz613-cds-bd209a4b83760d6b-20161028-0913-85.jpg,45302868.0,40.730578,-73.99569699999998,-156.85,3.76,False
IMG_4895.JPG,40.73059444444445,-73.99567222222223,2026:04:28 20:19:44,,,,,,,True
IMG_4896.JPG,40.73057222222222,-73.99567222222223,2026:04:28 20:19:46,,,,,,,True
IMG_4898.JPG,40.73054722222222,-73.99565833333334,2026:04:28 20:19:48,,,,,,,True
IMG_4899.JPG,40.730536111111114,-73.99567222222223,2026:04:28 20:19:49,,,,,,,True
IMG_4900.JPG,40.730533333333334,-73.99568055555555,2026:04:28 20:19:50,,,,,,,True
IMG_4901.JPG,40.73051944444445,-73.99571944444445,2026:04:28 20:19:55,0/20161028/bd209a4b83760d6b/cds-bd209a4b83760d6b-20161028-0913.raw/4/dr5rsnwpc1vh-dr5rsnvbm2sc-cds-bd209a4b83760d6b-20161028-0913-84.jpg,45302867.0,40.730484,-73.995778,-147.97,6.31,False
IMG_4902.JPG,40.730494444444446,-73.99571944444445,2026:04:28 20:19:57,,,,,,,True
IMG_4903.JPG,40.73048055555556,-73.99574444444444,2026:04:28 20:19:58,0/20160805/26a802125797d5af/cds-26a802125797d5af-20160805-1234.raw/4/dr5rsnvbm3fe-dr5rsnvbm3r0-cds-26a802125797d5af-20160805-1234-76.jpg,21275358.0,40.730488,-73.995775,72.84,2.7,False
IMG_4904.JPG,40.730472222222225,-73.99575833333333,2026:04:28 20:20:00,,,,,,,True
IMG_4905.JPG,40.73046388888889,-73.99576388888889,2026:04:28 20:20:01,,,,,,,True
IMG_4906.JPG,40.73045555555556,-73.99578055555556,2026:04:28 20:20:02,0/20170312/e5df139233770dec/cds-e5df139233770dec-20170312-1035.raw/4/dr5rsnvbqsbj-dr5rsnvbqn9t-cds-e5df139233770dec-20170312-1035-132.jpg,70216049.0,40.730517,-73.99575,67.97,7.3,False
IMG_4907.JPG,40.73044166666667,-73.9957888888889,2026:04:28 20:20:03,0/20160802/ea91d096e3932939/cds-ea91d096e3932939-20160802-0951.raw/4/dr5rsnvbr4ur-dr5rsnvbqp51-cds-ea91d096e3932939-20160802-0951-53.jpg,17558602.0,40.730519,-73.99574799999998,116.49,9.26,False
IMG_4908.JPG,40.73043611111111,-73.9957888888889,2026:04:28 20:20:05,0/20160805/26a802125797d5af/cds-26a802125797d5af-20160805-1234.raw/4/dr5rsntzu5sk-dr5rsntzu5ce-cds-26a802125797d5af-20160805-1234-75.jpg,21275356.0,40.730416,-73.995836,75.04,4.56,False
IMG_4909.JPG,40.73041944444444,-73.99580277777778,2026:04:28 20:20:07,0/20161028/bd209a4b83760d6b/cds-bd209a4b83760d6b-20161028-0913.raw/4/dr5rsntzx4s3-dr5rsntzumbk-cds-bd209a4b83760d6b-20161028-0913-83.jpg,45302866.0,40.730427,-73.995827,-156.18,2.21,False
IMG_4910.JPG,40.73040833333334,-73.99580277777778,2026:04:28 20:20:08,0/20160805/26a802125797d5af/cds-26a802125797d5af-20160805-1234.raw/4/dr5rsntzu5sk-dr5rsntzu5ce-cds-26a802125797d5af-20160805-1234-75.jpg,21275356.0,40.730416,-73.995836,75.04,2.93,False
IMG_4911.JPG,40.7304,-73.99579722222222,2026:04:28 20:20:09,0/20161028/bd209a4b83760d6b/cds-bd209a4b83760d6b-20161028-0913.raw/4/dr5rsntzkzkp-dr5rsntzem74-cds-bd209a4b83760d6b-20161028-0913-82.jpg,45302865.0,40.730381,-73.995866,-137.35,6.17,False
IMG_4912.JPG,40.73038888888889,-73.99580277777778,2026:04:28 20:20:10,,,,,,,True
IMG_4913.JPG,40.73034722222222,-73.99585555555555,2026:04:28 20:20:17,0/20160619/bd209a4b83760d6b/cds-bd209a4b83760d6b-20160619-1433.raw/4/dr5rsntze3px-dr5rsntze4fm-cds-bd209a4b83760d6b-20160619-1433-60.jpg,2342313.0,40.730368,-73.995878,64.5799,2.99,False
IMG_4914.JPG,40.73034722222222,-73.99586388888889,2026:04:28 20:20:18,0/20160805/26a802125797d5af/cds-26a802125797d5af-20160805-1234.raw/4/dr5rsntz6zcn-dr5rsntz6zbt-cds-26a802125797d5af-20160805-1234-74.jpg,21275354.0,40.730352,-73.995891,74.48,2.35,False
IMG_4915.JPG,40.730336111111114,-73.99587222222222,2026:04:28 20:20:19,0/20160619/bd209a4b83760d6b/cds-bd209a4b83760d6b-20160619-1433.raw/4/dr5rsntze3px-dr5rsntze4fm-cds-bd209a4b83760d6b-20160619-1433-60.jpg,2342313.0,40.730368,-73.995878,64.5799,3.58,False
IMG_4916.JPG,40.730330555555554,-73.99588055555556,2026:04:28 20:20:20,0/20161028/bd209a4b83760d6b/cds-bd209a4b83760d6b-20161028-0913.raw/4/dr5rsntz5u0j-dr5rsntz64t0-cds-bd209a4b83760d6b-20161028-0913-80.jpg,45302863.0,40.730323,-73.995917,-159.73,3.18,False
IMG_4917.JPG,40.730311111111114,-73.99587222222222,2026:04:28 20:20:22,,,,,,,True
IMG_4918.JPG,40.73030277777778,-73.99587222222222,2026:04:28 20:20:22,,,,,,,True
IMG_4919.JPG,40.730275,-73.99600277777778,2026:04:28 20:20:24,,,,,,,True
IMG_4920.JPG,40.73031944444445,-73.99609444444445,2026:04:28 20:20:25,0/20160805/26a802125797d5af/cds-26a802125797d5af-20160805-1234.raw/4/dr5rsntz1tzz-dr5rsntz1wn3-cds-26a802125797d5af-20160805-1234-73.jpg,21275353.0,40.730299,-73.995937,72.97,13.46,False
IMG_4921.JPG,40.73032777777778,-73.996125,2026:04:28 20:20:26,0/20161028/bd209a4b83760d6b/cds-bd209a4b83760d6b-20161028-0913.raw/4/dr5rsntyu7cr-dr5rsntz1wpp-cds-bd209a4b83760d6b-20161028-0913-79.jpg,45302862.0,40.7303,-73.995936,-153.65,16.22,False
IMG_4922.JPG,40.73031666666667,-73.9961388888889,2026:04:28 20:20:27,,,,,,,True
IMG_4923.JPG,40.73031666666667,-73.9961388888889,2026:04:28 20:20:28,,,,,,,True
IMG_4924.JPG,40.73023888888889,-73.99599444444445,2026:04:28 20:20:40,0/20161028/bd209a4b83760d6b/cds-bd209a4b83760d6b-20161028-0913.raw/4/dr5rsntz45kp-dr5rsntz1tkp-cds-bd209a4b83760d6b-20161028-0913-77.jpg,45302860.0,40.730296,-73.99594,-110.04,7.83,False
IMG_4925.JPG,40.73023055555556,-73.99599444444445,2026:04:28 20:20:41,,,,,,,True
IMG_4926.JPG,40.730225,-73.99599444444445,2026:04:28 20:20:42,0/20160619/bd209a4b83760d6b/cds-bd209a4b83760d6b-20160619-1433.raw/4/dr5rsntz18r0-dr5rsntz13bn-cds-bd209a4b83760d6b-20160619-1433-59.jpg,2342312.0,40.730277,-73.995956,61.2501,6.63,False
IMG_4927.JPG,40.73021666666667,-73.99601111111112,2026:04:28 20:20:44,,,,,,,True
IMG_4928.JPG,40.73018611111112,-73.99601111111112,2026:04:28 20:20:54,0/20170312/e5df139233770dec/cds-e5df139233770dec-20170312-1035.raw/4/dr5rsntwxn05-dr5rsntwxemk-cds-e5df139233770dec-20170312-1035-129.jpg,70216046.0,40.730199,-73.996024,48.6,1.8,False
IMG_4929.JPG,40.730175,-73.99601666666666,2026:04:28 20:20:55,0/20161028/bd209a4b83760d6b/cds-bd209a4b83760d6b-20161028-0913.raw/4/dr5rsnty84f0-dr5rsntwxezw-cds-bd209a4b83760d6b-20161028-0913-75.jpg,45302858.0,40.730202,-73.996021,-100.47,3.02,False
IMG_4930.JPG,40.73015277777778,-73.99604722222222,2026:04:28 20:20:58,0/20170312/e5df139233770dec/cds-e5df139233770dec-20170312-1035.raw/4/dr5rsntwq15j-dr5rsntwnrvg-cds-e5df139233770dec-20170312-1035-128.jpg,70216045.0,40.730137,-73.996077,46.47,3.06,False
IMG_4931.JPG,40.73014444444445,-73.99608611111111,2026:04:28 20:21:00,,,,,,,True
IMG_4932.JPG,40.730133333333335,-73.99610833333334,2026:04:28 20:21:01,,,,,,,True
IMG_4933.JPG,40.73010555555556,-73.99608611111111,2026:04:28 20:21:02,,,,,,,True
IMG_4934.JPG,40.730130555555554,-73.99605555555556,2026:04:28 20:21:03,,,,,,,True
IMG_4936.JPG,40.73010277777778,-73.99608611111111,2026:04:28 20:21:06,,,,,,,True
IMG_4937.JPG,40.73008611111111,-73.99608611111111,2026:04:28 20:21:07,,,,,,,True
IMG_4938.JPG,40.73006388888889,-73.99610277777778,2026:04:28 20:21:10,,,,,,,True
IMG_4939.JPG,40.73005555555556,-73.99610833333334,2026:04:28 20:21:11,0/20160802/ea91d096e3932939/cds-ea91d096e3932939-20160802-0951.raw/4/dr5rsntttkqn-dr5rsnttsxm0-cds-ea91d096e3932939-20160802-0951-47.jpg,17558596.0,40.730048,-73.996153,112.94,3.86,False
IMG_4940.JPG,40.73005277777778,-73.99611666666667,2026:04:28 20:21:12,0/20170312/e5df139233770dec/cds-e5df139233770dec-20170312-1035.raw/4/dr5rsnttv2ty-dr5rsnttufpx-cds-e5df139233770dec-20170312-1035-127.jpg,70216044.0,40.730064,-73.996139,63.45,2.26,False
IMG_4941.JPG,40.73004166666667,-73.996125,2026:04:28 20:21:14,0/20161028/bd209a4b83760d6b/cds-bd209a4b83760d6b-20161028-0913.raw/4/dr5rsntwjjf8-dr5rsntwjf7q-cds-bd209a4b83760d6b-20161028-0913-74.jpg,45302857.0,40.730108,-73.99610200000002,-179.47,7.63,False
IMG_4942.JPG,40.73002777777778,-73.99611666666667,2026:04:28 20:21:15,0/20170312/e5df139233770dec/cds-e5df139233770dec-20170312-1035.raw/4/dr5rsnttkf8x-dr5rsntt7wxm-cds-e5df139233770dec-20170312-1035-126.jpg,70216043.0,40.730002,-73.996193,57.2,7.04,False
IMG_4943.JPG,40.73001388888889,-73.996125,2026:04:28 20:21:16,,,,,,,True
IMG_4944.JPG,40.73004166666667,-73.99610833333334,2026:04:28 20:21:17,0/20161028/bd209a4b83760d6b/cds-bd209a4b83760d6b-20161028-0913.raw/4/dr5rsntte348-dr5rsntt7z0c-cds-bd209a4b83760d6b-20161028-0913-73.jpg,45302856.0,40.730004,-73.99619100000002,-96.06,8.13,False
IMG_4945.JPG,40.73003055555556,-73.996125,2026:04:28 20:21:18,,,,,,,True
IMG_4946.JPG,40.73001111111111,-73.9961388888889,2026:04:28 20:21:19,,,,,,,True
IMG_4947.JPG,40.73,-73.99614722222222,2026:04:28 20:21:20,,,,,,,True
IMG_4948.JPG,40.72998611111111,-73.99616944444445,2026:04:28 20:21:22,,,,,,,True
IMG_4949.JPG,40.72998888888889,-73.99619444444444,2026:04:28 20:21:24,0/20170312/e5df139233770dec/cds-e5df139233770dec-20170312-1035.raw/4/dr5rsnttkf8x-dr5rsntt7wxm-cds-e5df139233770dec-20170312-1035-126.jpg,70216043.0,40.730002,-73.996193,57.2,1.46,False
IMG_4950.JPG,40.72996111111112,-73.99618611111111,2026:04:28 20:21:25,,,,,,,True
IMG_4951.JPG,40.72995,-73.9962,2026:04:28 20:21:26,,,,,,,True
IMG_4952.JPG,40.72994166666667,-73.99620833333333,2026:04:28 20:21:27,,,,,,,True
IMG_4953.JPG,40.729930555555555,-73.99621388888889,2026:04:28 20:21:28,,,,,,,True
IMG_4954.JPG,40.72991944444445,-73.99622222222223,2026:04:28 20:21:29,,,,,,,True
IMG_4955.JPG,40.72991388888889,-73.99622222222223,2026:04:28 20:21:31,,,,,,,True
IMG_4956.JPG,40.72989444444445,-73.9962388888889,2026:04:28 20:21:32,0/20161028/bd209a4b83760d6b/cds-bd209a4b83760d6b-20161028-0913.raw/4/dr5rsnts9jj5-dr5rsnts9j3d-cds-bd209a4b83760d6b-20161028-0913-72.jpg,45302855.0,40.729866,-73.996308,-135.19,6.63,False
IMG_4957.JPG,40.729886111111114,-73.9962388888889,2026:04:28 20:21:33,,,,,,,True
IMG_4958.JPG,40.729866666666666,-73.99624722222222,2026:04:28 20:21:37,0/20160802/ea91d096e3932939/cds-ea91d096e3932939-20160802-0951.raw/4/dr5rsntt593p-dr5rsntt4svc-cds-ea91d096e3932939-20160802-0951-46.jpg,17558595.0,40.729949,-73.996238,118.85,9.19,False
IMG_4959.JPG,40.72985,-73.99624722222222,2026:04:28 20:21:39,,,,,,,True
IMG_4960.JPG,40.729844444444446,-73.99625277777778,2026:04:28 20:21:41,,,,,,,True
IMG_4961.JPG,40.72983055555556,-73.99625277777778,2026:04:28 20:21:42,,,,,,,True
IMG_4962.JPG,40.72980833333334,-73.99626944444445,2026:04:28 20:21:43,,,,,,,True
IMG_4963.JPG,40.72978611111111,-73.99631388888889,2026:04:28 20:21:46,0/20170312/e5df139233770dec/cds-e5df139233770dec-20170312-1035.raw/4/dr5rsnts29u6-dr5rsnts2h18-cds-e5df139233770dec-20170312-1035-125.jpg,70216042.0,40.729816,-73.996351,59.08,4.56,False
IMG_4964.JPG,40.72978055555556,-73.9963,2026:04:28 20:21:48,,,,,,,True
IMG_4965.JPG,40.729775,-73.99629166666666,2026:04:28 20:21:49,,,,,,,True
IMG_4966.JPG,40.72976666666667,-73.99629166666666,2026:04:28 20:21:50,,,,,,,True
IMG_4967.JPG,40.72976111111111,-73.99640555555555,2026:04:28 20:21:56,0/20161028/bd209a4b83760d6b/cds-bd209a4b83760d6b-20161028-0913.raw/4/dr5rsntkr25d-dr5rsntkpx1j-cds-bd209a4b83760d6b-20161028-0913-71.jpg,45302854.0,40.72979,-73.99637299999998,-120.82,4.22,False
IMG_4968.JPG,40.72975555555555,-73.99642222222222,2026:04:28 20:21:58,,,,,,,True
IMG_4969.JPG,40.72975277777778,-73.9964138888889,2026:04:28 20:21:59,,,,,,,True
IMG_4970.JPG,40.72973611111112,-73.9964138888889,2026:04:28 20:22:00,0/20160802/ea91d096e3932939/cds-ea91d096e3932939-20160802-0951.raw/4/dr5rsntkpkmr-dr5rsntkpkbv-cds-ea91d096e3932939-20160802-0951-44.jpg,17558593.0,40.729778,-73.99638399999998,121.62,5.3,False
IMG_4972.JPG,40.729725,-73.9964138888889,2026:04:28 20:22:02,,,,,,,True
IMG_4973.JPG,40.72971388888889,-73.99640555555555,2026:04:28 20:22:03,,,,,,,True
IMG_4974.JPG,40.72970277777778,-73.99640555555555,2026:04:28 20:22:04,,,,,,,True
IMG_4975.JPG,40.729686111111114,-73.99640555555555,2026:04:28 20:22:05,,,,,,,True
IMG_4976.JPG,40.72967777777778,-73.99640555555555,2026:04:28 20:22:07,0/20160802/ea91d096e3932939/cds-ea91d096e3932939-20160802-0951.raw/4/dr5rsnt7vch1-dr5rsnt7vbx5-cds-ea91d096e3932939-20160802-0951-43.jpg,17558592.0,40.729712,-73.99644,127.08,4.79,False
IMG_4977.JPG,40.72966388888889,-73.9964138888889,2026:04:28 20:22:08,,,,,,,True
IMG_4978.JPG,40.729641666666666,-73.99643055555556,2026:04:28 20:22:09,,,,,,,True
IMG_4979.JPG,40.729625,-73.99643055555556,2026:04:28 20:22:11,,,,,,,True
IMG_4980.JPG,40.72960555555556,-73.99639722222223,2026:04:28 20:22:11,,,,,,,True
IMG_4981.JPG,40.729597222222225,-73.99639166666667,2026:04:28 20:22:13,0/20160802/ea91d096e3932939/cds-ea91d096e3932939-20160802-0951.raw/4/dr5rsnt7sct9-dr5rsnt7t0s7-cds-ea91d096e3932939-20160802-0951-42.jpg,17558591.0,40.729669,-73.996476,136.61,10.69,False
IMG_4982.JPG,40.72958333333334,-73.9964138888889,2026:04:28 20:22:14,0/20160930/33f01c9134eaa6b5/cds-33f01c9134eaa6b5-20160930-1618.raw/4/dr5rsnt6svzt-dr5rsnt6suvd-cds-33f01c9134eaa6b5-20160930-1618-97.jpg,40957128.0,40.72952,-73.99648499999998,-137.39,9.25,False
IMG_4984.JPG,40.72960277777778,-73.99665,2026:04:28 20:23:26,0/20170312/e5df139233770dec/cds-e5df139233770dec-20170312-1035.raw/4/dr5rsnt4z8j6-dr5rsnt71h2r-cds-e5df139233770dec-20170312-1035-122.jpg,70216039.0,40.729604,-73.99665300000002,142.46,0.29,False
IMG_4985.JPG,40.72959444444445,-73.99668055555556,2026:04:28 20:23:27,0/20161028/bd209a4b83760d6b/cds-bd209a4b83760d6b-20161028-0913.raw/4/dr5rsnt4z7yv-dr5rsnt70w4j-cds-bd209a4b83760d6b-20161028-0913-67.jpg,45302850.0,40.729613,-73.996672,-147.51,2.19,False
IMG_4986.JPG,40.72959444444445,-73.99668055555556,2026:04:28 20:23:28,0/20161118/ea91d096e3932939/cds-ea91d096e3932939-20161118-1031.raw/4/dr5rsnt73h63-dr5rsnt70w25-cds-ea91d096e3932939-20161118-1031-92.jpg,49483178.0,40.729614,-73.996675,168.55,2.22,False
IMG_4987.JPG,40.72958055555556,-73.99670277777778,2026:04:28 20:23:29,0/20161118/ea91d096e3932939/cds-ea91d096e3932939-20161118-1031.raw/4/dr5rsnt72vh8-dr5rsnt70r45-cds-ea91d096e3932939-20161118-1031-91.jpg,49483177.0,40.729618,-73.99668299999998,168.2,4.48,False
IMG_4988.JPG,40.72956944444445,-73.99672777777778,2026:04:28 20:23:30,0/20161118/ea91d096e3932939/cds-ea91d096e3932939-20161118-1031.raw/4/dr5rsnt5p2u2-dr5rsnt70psv-cds-ea91d096e3932939-20161118-1031-88.jpg,49483174.0,40.729621,-73.99669,168.45,6.56,False
IMG_4989.JPG,40.72956388888889,-73.99673611111112,2026:04:28 20:23:31,0/20160930/33f01c9134eaa6b5/cds-33f01c9134eaa6b5-20160930-1618.raw/4/dr5rsnt70pdv-dr5rsnt70pu4-cds-33f01c9134eaa6b5-20160930-1618-95.jpg,40957126.0,40.729622,-73.996691,-113.44,7.5,False
IMG_4990.JPG,40.72956944444445,-73.99675,2026:04:28 20:23:32,,,,,,,True
IMG_4991.JPG,40.72957777777778,-73.99676388888889,2026:04:28 20:23:33,0/20160622/c5732f31099d7452/cds-c5732f31099d7452-20160622-1009.raw/4/dr5rsnt5r95s-dr5rsnt5r9m4-cds-c5732f31099d7452-20160622-1009-34.jpg,2251233.0,40.72963,-73.996711,64.0562,7.32,False
IMG_4992.JPG,40.72974722222222,-73.99682777777778,2026:04:28 20:23:41,0/20161028/bd209a4b83760d6b/cds-bd209a4b83760d6b-20161028-0913.raw/4/dr5rsnt5e2rv-dr5rsnt5snyy-cds-bd209a4b83760d6b-20161028-0913-63.jpg,45302846.0,40.729703,-73.996859,-150.09,5.58,False
IMG_4993.JPG,40.729819444444445,-73.99684166666667,2026:04:28 20:23:42,0/20161024/ea91d096e3932939/cds-ea91d096e3932939-20161024-0939.raw/4/dr5rsnt5fx3b-dr5rsnt5fmwh-cds-ea91d096e3932939-20161024-0939-142.jpg,44419116.0,40.729739,-73.996935,156.52,11.91,False
IMG_4994.JPG,40.72985,-73.99684722222223,2026:04:28 20:23:43,0/20161028/bd209a4b83760d6b/cds-bd209a4b83760d6b-20161028-0913.raw/4/dr5rsnt59z89-dr5rsnt5fmwu-cds-bd209a4b83760d6b-20161028-0913-61.jpg,45302844.0,40.729739,-73.996934,-146.86,14.35,False
IMG_4995.JPG,40.72986944444445,-73.99685555555556,2026:04:28 20:23:44,,,,,,,True
IMG_4996.JPG,40.72989444444445,-73.9968638888889,2026:04:28 20:23:45,,,,,,,True
IMG_4997.JPG,40.7299,-73.99687222222222,2026:04:28 20:23:46,,,,,,,True
IMG_4998.JPG,40.729905555555554,-73.99687222222222,2026:04:28 20:23:47,0/20161028/bd209a4b83760d6b/cds-bd209a4b83760d6b-20161028-0913.raw/4/dr5rsnt5bsrc-dr5rsnth13gb-cds-bd209a4b83760d6b-20161028-0913-60.jpg,45302843.0,40.729761,-73.996981,-144.72,18.5,False
IMG_4999.JPG,40.729911111111115,-73.99688055555556,2026:04:28 20:23:49,,,,,,,True
IMG_5001.JPG,40.729930555555555,-73.99695555555556,2026:04:28 20:23:50,,,,,,,True
IMG_5002.JPG,40.72998611111111,-73.99697777777777,2026:04:28 20:23:51,,,,,,,True
IMG_5003.JPG,40.73003055555556,-73.9970111111111,2026:04:28 20:23:52,,,,,,,True
IMG_5004.JPG,40.73006388888889,-73.9970388888889,2026:04:28 20:23:53,,,,,,,True
IMG_5005.JPG,40.73012222222222,-73.99706944444445,2026:04:28 20:23:54,,,,,,,True
IMG_5006.JPG,40.73017222222222,-73.99707777777778,2026:04:28 20:23:56,,,,,,,True
IMG_5007.JPG,40.72976944444444,-73.99711666666667,2026:04:28 20:23:58,,,,,,,True
IMG_5008.JPG,40.72976944444444,-73.99713055555556,2026:04:28 20:23:59,,,,,,,True
IMG_5009.JPG,40.72978055555556,-73.99713888888888,2026:04:28 20:24:00,0/20160622/c5732f31099d7452/cds-c5732f31099d7452-20160622-1009.raw/4/dr5rsnsuz7mz-dr5rsnsuqn1c-cds-c5732f31099d7452-20160622-1009-27.jpg,2251226.0,40.729827,-73.997123,63.3692,5.34,False
IMG_5010.JPG,40.72978055555556,-73.99715555555555,2026:04:28 20:24:02,,,,,,,True
IMG_5011.JPG,40.729775,-73.99714722222222,2026:04:28 20:24:03,0/20160622/c5732f31099d7452/cds-c5732f31099d7452-20160622-1009.raw/4/dr5rsnsuz359-dr5rsnsuqjqr-cds-c5732f31099d7452-20160622-1009-26.jpg,2251225.0,40.729824,-73.997117,63.5789,6.01,False
IMG_5012.JPG,40.729775,-73.99716111111111,2026:04:28 20:24:04,0/20160628/bd209a4b83760d6b/cds-bd209a4b83760d6b-20160628-0949.raw/4/dr5rsnsuwkd3-dr5rsnsumycz-cds-bd209a4b83760d6b-20160628-0949-113.jpg,2090422.0,40.729832,-73.997134,63.04,6.74,False
IMG_5013.JPG,40.72976666666667,-73.99716944444445,2026:04:28 20:24:05,,,,,,,True
IMG_5014.JPG,40.72978055555556,-73.9971861111111,2026:04:28 20:24:06,0/20170312/e5df139233770dec/cds-e5df139233770dec-20170312-1035.raw/4/dr5rsnsumssm-dr5rsnsumyvr-cds-e5df139233770dec-20170312-1035-115.jpg,70216032.0,40.729832,-73.997129,127.92,7.48,False
IMG_5015.JPG,40.72979444444445,-73.9972,2026:04:28 20:24:07,,,,,,,True
IMG_5016.JPG,40.72983611111111,-73.99720833333333,2026:04:28 20:24:08,,,,,,,True
IMG_5017.JPG,40.72982777777778,-73.99723888888889,2026:04:28 20:24:09,,,,,,,True
IMG_5018.JPG,40.72982777777778,-73.99723888888889,2026:04:28 20:24:10,,,,,,,True
IMG_5019.JPG,40.72983611111111,-73.99723888888889,2026:04:28 20:24:11,0/20160628/bd209a4b83760d6b/cds-bd209a4b83760d6b-20160628-0949.raw/4/dr5rsnsuucs0-dr5rsnsuskmh-cds-bd209a4b83760d6b-20160628-0949-110.jpg,2090419.0,40.729861,-73.997194,63.88,4.69,False
IMG_5021.JPG,40.729819444444445,-73.99727777777778,2026:04:28 20:24:13,,,,,,,True
IMG_5022.JPG,40.72982777777778,-73.99728333333333,2026:04:28 20:24:15,0/20160729/e5df139233770dec/cds-e5df139233770dec-20160729-1830.raw/4/dr5rsnsugsg9-dr5rsnsug0ze-cds-e5df139233770dec-20160729-1830-114.jpg,17163279.0,40.729885,-73.997244,64.26,7.17,False
IMG_5023.JPG,40.729844444444446,-73.9973,2026:04:28 20:24:16,0/20161010/bd209a4b83760d6b/cds-bd209a4b83760d6b-20161010-1030.raw/4/dr5rsnsu3ukj-dr5rsnsug1cz-cds-bd209a4b83760d6b-20161010-1030-7.jpg,42577701.0,40.729891,-73.997252,65.17,6.57,False
IMG_5024.JPG,40.72985,-73.99730555555556,2026:04:28 20:24:17,0/20160802/ea91d096e3932939/cds-ea91d096e3932939-20160802-0951.raw/4/dr5rsnsufqzq-dr5rsnsufk95-cds-ea91d096e3932939-20160802-0951-32.jpg,17558581.0,40.729905,-73.99728499999998,166.17,6.36,False
IMG_5025.JPG,40.72986944444445,-73.99733611111111,2026:04:28 20:24:20,0/20160802/ea91d096e3932939/cds-ea91d096e3932939-20160802-0951.raw/4/dr5rsnsufqzq-dr5rsnsufk95-cds-ea91d096e3932939-20160802-0951-32.jpg,17558581.0,40.729905,-73.99728499999998,166.17,5.85,False
IMG_5026.JPG,40.72988055555556,-73.99733611111111,2026:04:28 20:24:21,,,,,,,True
IMG_5027.JPG,40.729888888888894,-73.99734444444445,2026:04:28 20:24:22,0/20160628/bd209a4b83760d6b/cds-bd209a4b83760d6b-20160628-0949.raw/4/dr5rsnsucszp-dr5rsnsucy5d-cds-bd209a4b83760d6b-20160628-0949-108.jpg,2090417.0,40.729913,-73.997303,63.42,4.4,False
IMG_5028.JPG,40.72989722222223,-73.99735277777778,2026:04:28 20:24:24,0/20160708/c5732f31099d7452/cds-c5732f31099d7452-20160708-1544.raw/4/dr5rsnsucjj5-dr5rsnsucrx4-cds-c5732f31099d7452-20160708-1544-169.jpg,893815.0,40.729921,-73.99732,83.54,3.82,False
IMG_5029.JPG,40.729905555555554,-73.99738333333333,2026:04:28 20:24:25,,,,,,,True
IMG_5030.JPG,40.72991388888889,-73.99738888888889,2026:04:28 20:24:26,0/20160628/bd209a4b83760d6b/cds-bd209a4b83760d6b-20160628-0949.raw/4/dr5rsnsv0e9u-dr5rsnsv0e1g-cds-bd209a4b83760d6b-20160628-0949-107.jpg,2090416.0,40.72994,-73.997359,64.22,3.84,False
IMG_5031.JPG,40.72992222222222,-73.99739722222222,2026:04:28 20:24:27,,,,,,,True
IMG_5032.JPG,40.72992777777778,-73.99741388888889,2026:04:28 20:24:28,,,,,,,True
IMG_5033.JPG,40.729936111111115,-73.99741388888889,2026:04:28 20:24:29,,,,,,,True
IMG_5034.JPG,40.72994166666667,-73.99742777777777,2026:04:28 20:24:30,,,,,,,True
IMG_5035.JPG,40.72994722222222,-73.99744444444444,2026:04:28 20:24:31,0/20160628/bd209a4b83760d6b/cds-bd209a4b83760d6b-20160628-0949.raw/4/dr5rsnstqcu6-dr5rsnstqcth-cds-bd209a4b83760d6b-20160628-0949-106.jpg,2090415.0,40.729975,-73.99743000000002,60.94,3.32,False
IMG_5036.JPG,40.72995277777778,-73.99746111111111,2026:04:28 20:24:32,0/20160902/774e09b0c084a069/cds-774e09b0c084a069-20160902-1457.raw/4/dr5rsnstnw7u-dr5rsnstqcr2-cds-774e09b0c084a069-20160902-1457-3.jpg,34931324.0,40.729973,-73.997427,92.3,3.65,False
IMG_5037.JPG,40.7299,-73.99748055555555,2026:04:28 20:24:42,,,,,,,True
IMG_5038.JPG,40.72989722222223,-73.99749722222222,2026:04:28 20:24:43,,,,,,,True
IMG_5039.JPG,40.72988055555556,-73.9974888888889,2026:04:28 20:24:44,,,,,,,True
IMG_5040.JPG,40.72988055555556,-73.9974888888889,2026:04:28 20:24:45,,,,,,,True
IMG_5041.JPG,40.72986944444445,-73.99745277777778,2026:04:28 20:24:46,,,,,,,True
IMG_5042.JPG,40.729866666666666,-73.9974888888889,2026:04:28 20:24:46,0/20161214/eb7787c410c46511/cds-eb7787c410c46511-20161214-1101.raw/3/dr5rsnsswewc-dr5rsnsswfgs-cds-eb7787c410c46511-20161214-1101-104.jpg,54415307.0,40.72985300000001,-73.99743199999998,-91.07,5.03,False
IMG_5043.JPG,40.72985555555556,-73.99749722222222,2026:04:28 20:24:47,,,,,,,True
IMG_5044.JPG,40.729844444444446,-73.99743611111111,2026:04:28 20:24:49,,,,,,,True
IMG_5045.JPG,40.729819444444445,-73.99745277777778,2026:04:28 20:24:51,0/20160829/a32b6ec5cde27e3a/cds-a32b6ec5cde27e3a-20160829-1151.raw/3/dr5rsnssqeh7-dr5rsnssqhx6-cds-a32b6ec5cde27e3a-20160829-1151-75.jpg,34294020.0,40.729819,-73.99745899999998,79.26,0.53,False
IMG_5046.JPG,40.72980833333334,-73.99746111111111,2026:04:28 20:24:52,,,,,,,True
IMG_5047.JPG,40.72981388888889,-73.99741388888889,2026:04:28 20:24:54,0/20160622/fdeb4f0c0eb1bc3c/cds-fdeb4f0c0eb1bc3c-20160622-1008.raw/3/dr5rsnssuc3v-dr5rsnsswcb9-cds-fdeb4f0c0eb1bc3c-20160622-1008-33.jpg,2253170.0,40.729847,-73.997436,62.4109,4.13,False
IMG_5049.JPG,40.729797222222224,-73.99738888888889,2026:04:28 20:24:56,,,,,,,True
IMG_5050.JPG,40.72978611111111,-73.99738888888889,2026:04:28 20:24:57,,,,,,,True
IMG_5051.JPG,40.729775,-73.99739722222222,2026:04:28 20:24:58,,,,,,,True
IMG_5052.JPG,40.72976666666667,-73.99739722222222,2026:04:28 20:24:59,,,,,,,True
IMG_5053.JPG,40.72975555555555,-73.99740555555556,2026:04:28 20:25:00,0/20160919/7c641b4cb6bb1253/cds-7c641b4cb6bb1253-20160919-1206.raw/3/dr5rsnssh5pg-dr5rsnsshbqq-cds-7c641b4cb6bb1253-20160919-1206-83.jpg,38744064.0,40.729754,-73.997514,38.99,9.14,False
IMG_5054.JPG,40.72974444444445,-73.99741388888889,2026:04:28 20:25:01,,,,,,,True
IMG_5055.JPG,40.72973611111112,-73.99742777777777,2026:04:28 20:25:02,,,,,,,True
IMG_5056.JPG,40.729725,-73.99743611111111,2026:04:28 20:25:03,,,,,,,True
IMG_5057.JPG,40.729725,-73.99743611111111,2026:04:28 20:25:04,,,,,,,True
IMG_5072.JPG,40.729644444444446,-73.99751944444445,2026:04:28 20:25:21,0/20160722/79ddade2485edbde/cds-79ddade2485edbde-20160722-1202.raw/3/dr5rsnse6rg9-dr5rsnse6vqm-cds-79ddade2485edbde-20160722-1202-61.jpg,16079161.0,40.729652,-73.9976,62.73,6.84,False
IMG_5076.JPG,40.729572222222224,-73.99765000000001,2026:04:28 20:25:29,0/20161103/ec0dd1f4ab6e9e7e/cds-ec0dd1f4ab6e9e7e-20161103-1322.raw/3/dr5rsnse168b-dr5rsnse18vq-cds-ec0dd1f4ab6e9e7e-20161103-1322-40.jpg,47713078.0,40.729585,-73.99765500000002,60.41,1.48,False
IMG_5082.JPG,40.729400000000005,-73.99775555555556,2026:04:28 20:25:49,,,,,,,True
IMG_5083.JPG,40.72936111111111,-73.99780277777778,2026:04:28 20:33:44,0/20160909/b6d8aab376c7ce54/cds-b6d8aab376c7ce54-20160909-1028.raw/4/dr5rsns3wkzf-dr5rsns3v2wm-cds-b6d8aab376c7ce54-20160909-1028-82.jpg,36202176.0,40.729369,-73.99783599999998,61.87,2.93,False
IMG_5084.JPG,40.72936944444445,-73.997825,2026:04:28 20:33:47,0/20160909/b6d8aab376c7ce54/cds-b6d8aab376c7ce54-20160909-1028.raw/4/dr5rsns3tzzf-dr5rsns3v93m-cds-b6d8aab376c7ce54-20160909-1028-83.jpg,36202177.0,40.729373,-73.99783199999997,61.91,0.71,False
IMG_5085.JPG,40.72938611111111,-73.99784166666667,2026:04:28 20:33:50,,,,,,,True
IMG_5086.JPG,40.729397222222225,-73.99786388888889,2026:04:28 20:33:52,,,,,,,True
IMG_5087.JPG,40.729400000000005,-73.99787222222223,2026:04:28 20:33:54,,,,,,,True
IMG_5088.JPG,40.729400000000005,-73.99788611111111,2026:04:28 20:33:56,0/20170120/e5df139233770dec/cds-e5df139233770dec-20170120-0808.raw/4/dr5rsns4x2s1-dr5rsns3v3pc-cds-e5df139233770dec-20170120-0808-64.jpg,60959656.0,40.729371,-73.997834,61.14,5.45,False
IMG_5089.JPG,40.72940555555556,-73.99789444444444,2026:04:28 20:33:57,0/20170120/e5df139233770dec/cds-e5df139233770dec-20170120-0808.raw/4/dr5rsns4x2s1-dr5rsns3v3pc-cds-e5df139233770dec-20170120-0808-64.jpg,60959656.0,40.729371,-73.997834,61.14,6.38,False
IMG_5090.JPG,40.729397222222225,-73.99796388888889,2026:04:28 20:33:59,0/20161027/e5df139233770dec/cds-e5df139233770dec-20161027-1104.raw/4/dr5rsns3fp8r-dr5rsns3c3u9-cds-e5df139233770dec-20161027-1104-109.jpg,45703856.0,40.729375,-73.99801,-7.81,4.6,False
IMG_5091.JPG,40.729416666666665,-73.99799444444444,2026:04:28 20:34:01,,,,,,,True
IMG_5092.JPG,40.72945277777778,-73.99809444444445,2026:04:28 20:34:10,,,,,,,True
IMG_5093.JPG,40.729486111111115,-73.9981138888889,2026:04:28 20:34:12,,,,,,,True
IMG_5094.JPG,40.72955555555556,-73.99818611111111,2026:04:28 20:34:18,0/20160707/c5732f31099d7452/cds-c5732f31099d7452-20160707-1134.raw/4/dr5rsns4e708-dr5rsns4e71u-cds-c5732f31099d7452-20160707-1134-76.jpg,1014179.0,40.729511,-73.998271,-104.49,8.7,False
IMG_5095.JPG,40.729552777777776,-73.99819166666667,2026:04:28 20:34:19,0/20160908/b6d8aab376c7ce54/cds-b6d8aab376c7ce54-20160908-0934.raw/4/dr5rsns4u228-dr5rsns4ed4c-cds-b6d8aab376c7ce54-20160908-0934-172.jpg,36277282.0,40.729505,-73.99825899999998,-27.72,7.77,False
IMG_5096.JPG,40.729572222222224,-73.99821388888888,2026:04:28 20:34:21,,,,,,,True
IMG_5097.JPG,40.72958888888889,-73.99823888888889,2026:04:28 20:34:23,,,,,,,True
IMG_5098.JPG,40.72959444444445,-73.99824444444445,2026:04:28 20:34:25,,,,,,,True
IMG_5099.JPG,40.729619444444445,-73.99828333333333,2026:04:28 20:34:38,,,,,,,True
IMG_5100.JPG,40.72963055555556,-73.99829722222222,2026:04:28 20:34:39,,,,,,,True
IMG_5101.JPG,40.72963611111111,-73.99831388888889,2026:04:28 20:34:41,,,,,,,True
IMG_5102.JPG,40.72965277777778,-73.99834444444444,2026:04:28 20:34:42,0/20161027/e5df139233770dec/cds-e5df139233770dec-20161027-1104.raw/4/dr5rsnefzn6b-dr5rsnegpd7m-cds-e5df139233770dec-20161027-1104-113.jpg,45703860.0,40.729593,-73.99843,34.64,9.81,False
IMG_5103.JPG,40.72965277777778,-73.99836111111111,2026:04:28 20:34:43,0/20161111/e5df139233770dec/cds-e5df139233770dec-20161111-0829.raw/4/dr5rsnefy9xm-dr5rsnegpdp4-cds-e5df139233770dec-20161111-0829-35.jpg,47772251.0,40.729591,-73.998425,-30.8,8.73,False
IMG_5104.JPG,40.72965555555556,-73.99836666666667,2026:04:28 20:34:44,,,,,,,True
IMG_5105.JPG,40.72965277777778,-73.99838333333334,2026:04:28 20:34:45,,,,,,,True
IMG_5106.JPG,40.72965555555556,-73.99838333333334,2026:04:28 20:34:47,,,,,,,True
IMG_5107.JPG,40.72966388888889,-73.99839722222222,2026:04:28 20:34:47,0/20161012/ea91d096e3932939/cds-ea91d096e3932939-20161012-1231.raw/4/dr5rsnegxu9x-dr5rsnegnrev-cds-ea91d096e3932939-20161012-1231-33.jpg,43053986.0,40.729621,-73.998483,-31.26,8.66,False
IMG_5108.JPG,40.72967222222223,-73.99840555555555,2026:04:28 20:34:49,,,,,,,True
IMG_5109.JPG,40.72967777777778,-73.99842777777778,2026:04:28 20:34:50,0/20161022/ea91d096e3932939/cds-ea91d096e3932939-20161022-1502.raw/4/dr5rsnegrn0j-dr5rsnegnrf6-cds-ea91d096e3932939-20161022-1502-159.jpg,44301081.0,40.729622,-73.998485,-55.68,7.86,False
IMG_5110.JPG,40.729686111111114,-73.99845277777779,2026:04:28 20:34:51,,,,,,,True
IMG_5111.JPG,40.72970277777778,-73.99847222222222,2026:04:28 20:34:52,,,,,,,True
IMG_5112.JPG,40.729711111111115,-73.99848055555556,2026:04:28 20:34:53,,,,,,,True
IMG_5113.JPG,40.72971388888889,-73.99849722222223,2026:04:28 20:34:54,,,,,,,True
IMG_5114.JPG,40.72971666666667,-73.99850555555555,2026:04:28 20:34:56,0/20160707/c5732f31099d7452/cds-c5732f31099d7452-20160707-1134.raw/4/dr5rsneu592n-dr5rsnegusfm-cds-c5732f31099d7452-20160707-1134-84.jpg,1014187.0,40.729735,-73.99856,-98.84,5.02,False
IMG_5115.JPG,40.72970277777778,-73.99846666666667,2026:04:28 20:34:57,,,,,,,True
IMG_5116.JPG,40.729711111111115,-73.99847222222222,2026:04:28 20:34:59,0/20160912/bd209a4b83760d6b/cds-bd209a4b83760d6b-20160912-1104.raw/4/dr5rsneggqv2-dr5rsnegu6fg-cds-bd209a4b83760d6b-20160912-1104-56.jpg,37474448.0,40.729724,-73.99857,57.72,8.36,False
IMG_5117.JPG,40.72971666666667,-73.99847222222222,2026:04:28 20:35:00,0/20161012/ea91d096e3932939/cds-ea91d096e3932939-20161012-1231.raw/4/dr5rsnegv644-dr5rsnegusfm-cds-ea91d096e3932939-20161012-1231-35.jpg,43053988.0,40.729735,-73.99856,-18.31,7.67,False
IMG_5118.JPG,40.729725,-73.99848888888889,2026:04:28 20:35:01,0/20161012/ea91d096e3932939/cds-ea91d096e3932939-20161012-1231.raw/4/dr5rsnegv644-dr5rsnegusfm-cds-ea91d096e3932939-20161012-1231-35.jpg,43053988.0,40.729735,-73.99856,-18.31,6.09,False
IMG_5119.JPG,40.72972777777778,-73.99849722222223,2026:04:28 20:35:02,,,,,,,True
IMG_5120.JPG,40.72973611111112,-73.99851111111111,2026:04:28 20:35:04,,,,,,,True
IMG_5121.JPG,40.72972777777778,-73.99850555555555,2026:04:28 20:35:05,,,,,,,True
IMG_5122.JPG,40.72974444444445,-73.99852777777778,2026:04:28 20:35:06,,,,,,,True
IMG_5123.JPG,40.72974722222222,-73.99853611111111,2026:04:28 20:35:07,,,,,,,True
IMG_5124.JPG,40.72968888888889,-73.99857222222222,2026:04:28 20:36:31,0/20160812/a32b6ec5cde27e3a/cds-a32b6ec5cde27e3a-20160812-1446.raw/3/dr5rsnegeube-dr5rsnegesyu-cds-a32b6ec5cde27e3a-20160812-1446-73.jpg,28313683.0,40.729692,-73.998597,52.16,2.12,False
IMG_5125.JPG,40.72967777777778,-73.99854444444445,2026:04:28 20:36:31,0/20161215/1ccda49b184cb0ef/cds-1ccda49b184cb0ef-20161215-1045.raw/3/dr5rsnegkt6v-dr5rsnegkwx9-cds-1ccda49b184cb0ef-20161215-1045-117.jpg,54793742.0,40.729658,-73.998553,44.07,2.31,False
IMG_5126.JPG,40.729683333333334,-73.99851944444444,2026:04:28 20:36:33,,,,,,,True
IMG_5127.JPG,40.72969722222222,-73.99854444444445,2026:04:28 20:36:34,,,,,,,True
IMG_5128.JPG,40.729711111111115,-73.99855,2026:04:28 20:36:36,,,,,,,True
IMG_5129.JPG,40.72973888888889,-73.99854444444445,2026:04:28 20:36:37,,,,,,,True
IMG_5130.JPG,40.72974722222222,-73.99851944444444,2026:04:28 20:36:39,0/20160917/6fef7e6f017c3f89/cds-6fef7e6f017c3f89-20160917-1411.raw/3/dr5rsnegzmwp-dr5rsneujt3p-cds-6fef7e6f017c3f89-20160917-1411-42.jpg,38411890.0,40.729781,-73.99851899999999,31.54,3.76,False
IMG_5131.JPG,40.72976111111111,-73.99849722222223,2026:04:28 20:36:40,,,,,,,True
IMG_5132.JPG,40.72978055555556,-73.99846666666667,2026:04:28 20:36:41,0/20160903/8eb89b94275011e0/cds-8eb89b94275011e0-20160903-0810.raw/3/dr5rsneuqf83-dr5rsneuqk3s-cds-8eb89b94275011e0-20160903-0810-65.jpg,34773341.0,40.729818,-73.998486,59.75,4.47,False
IMG_5133.JPG,40.72978888888889,-73.99845277777779,2026:04:28 20:36:42,0/20160812/a32b6ec5cde27e3a/cds-a32b6ec5cde27e3a-20160812-1446.raw/3/dr5rsnsh28gv-dr5rsneuwb2x-cds-a32b6ec5cde27e3a-20160812-1446-66.jpg,28313676.0,40.72984,-73.99846600000002,60.36,5.79,False
IMG_5134.JPG,40.72980277777778,-73.99845277777779,2026:04:28 20:36:43,,,,,,,True
IMG_5135.JPG,40.72981388888889,-73.99844444444444,2026:04:28 20:36:44,,,,,,,True
IMG_5136.JPG,40.729822222222225,-73.99844444444444,2026:04:28 20:36:45,,,,,,,True
IMG_5137.JPG,40.72983055555556,-73.99843611111112,2026:04:28 20:36:46,0/20160903/8eb89b94275011e0/cds-8eb89b94275011e0-20160903-0810.raw/3/dr5rsneurt2r-dr5rsneuw8rc-cds-8eb89b94275011e0-20160903-0810-64.jpg,34773340.0,40.729839,-73.998467,57.85,2.77,False
IMG_5138.JPG,40.72983888888889,-73.99842777777778,2026:04:28 20:36:48,0/20160917/6fef7e6f017c3f89/cds-6fef7e6f017c3f89-20160917-1411.raw/3/dr5rsnsh80jk-dr5rsneuxhjy-cds-6fef7e6f017c3f89-20160917-1411-41.jpg,38411889.0,40.72986,-73.998448,3.13,2.9,False
IMG_5139.JPG,40.72986111111111,-73.99841388888889,2026:04:28 20:36:49,0/20160812/a32b6ec5cde27e3a/cds-a32b6ec5cde27e3a-20160812-1446.raw/3/dr5rsnshdpf0-dr5rsnshbqg4-cds-a32b6ec5cde27e3a-20160812-1446-65.jpg,28313675.0,40.729917,-73.998398,59.27,6.36,False
IMG_5140.JPG,40.72987222222223,-73.99839722222222,2026:04:28 20:36:50,,,,,,,True
IMG_5141.JPG,40.729886111111114,-73.99838888888888,2026:04:28 20:36:52,,,,,,,True
IMG_5142.JPG,40.729911111111115,-73.99838333333334,2026:04:28 20:36:53,,,,,,,True
IMG_5143.JPG,40.72991944444445,-73.998375,2026:04:28 20:36:54,,,,,,,True
IMG_5144.JPG,40.72992222222222,-73.99836666666667,2026:04:28 20:36:55,0/20160903/8eb89b94275011e0/cds-8eb89b94275011e0-20160903-0810.raw/3/dr5rsnshb2pg-dr5rsneuzfs3-cds-8eb89b94275011e0-20160903-0810-63.jpg,34773339.0,40.729894,-73.998418,59.46,5.34,False
IMG_5145.JPG,40.72991944444445,-73.99831388888889,2026:04:28 20:37:02,,,,,,,True
IMG_5146.JPG,40.72992777777778,-73.99830555555556,2026:04:28 20:37:03,,,,,,,True
IMG_5147.JPG,40.729936111111115,-73.99829722222222,2026:04:28 20:37:04,,,,,,,True
IMG_5148.JPG,40.72995,-73.99828333333333,2026:04:28 20:37:05,,,,,,,True
IMG_5149.JPG,40.729958333333336,-73.99828333333333,2026:04:28 20:37:06,,,,,,,True
IMG_5150.JPG,40.729936111111115,-73.99820555555556,2026:04:28 20:37:07,,,,,,,True
IMG_5151.JPG,40.72994166666667,-73.99819166666667,2026:04:28 20:37:08,0/20160903/8eb89b94275011e0/cds-8eb89b94275011e0-20160903-0810.raw/3/dr5rsnsj4hed-dr5rsnsj1rde-cds-8eb89b94275011e0-20160903-0810-62.jpg,34773338,40.729964,-73.998356,61.12,14.07,False
IMG_5152.JPG,40.72995277777778,-73.99819166666667,2026:04:28 20:37:09,0/20160812/a32b6ec5cde27e3a/cds-a32b6ec5cde27e3a-20160812-1446.raw/3/dr5rsnsj57gr-dr5rsnsj3dvb-cds-a32b6ec5cde27e3a-20160812-1446-64.jpg,28313673,40.729981,-73.998341,54.01,12.97,False
IMG_5153.JPG,40.729961111111116,-73.99818611111111,2026:04:28 20:37:10,0/20160917/6fef7e6f017c3f89/cds-6fef7e6f017c3f89-20160917-1411.raw/3/dr5rsnsjdrdp-dr5rsnsjdv7u-cds-6fef7e6f017c3f89-20160917-1411-39.jpg,38411887,40.730038,-73.99829,-1.01,12.24,False
IMG_5154.JPG,40.72997222222222,-73.99818611111111,2026:04:28 20:37:12,,,,,,,True
IMG_5155.JPG,40.72998055555556,-73.99818611111111,2026:04:28 20:37:12,0/20160917/6fef7e6f017c3f89/cds-6fef7e6f017c3f89-20160917-1411.raw/3/dr5rsnsnhs5j-dr5rsnsnhs33-cds-6fef7e6f017c3f89-20160917-1411-38.jpg,38411886,40.730118,-73.99821800000002,4.67,15.52,False
IMG_5156.JPG,40.72999166666667,-73.99819166666667,2026:04:28 20:37:14,,,,,,,True
IMG_5157.JPG,40.73001111111111,-73.99816944444444,2026:04:28 20:37:19,,,,,,,True
IMG_5158.JPG,40.73001388888889,-73.99816111111112,2026:04:28 20:37:20,,,,,,,True
IMG_5159.JPG,40.73001388888889,-73.99814722222223,2026:04:28 20:37:22,,,,,,,True
IMG_5160.JPG,40.73003055555556,-73.99810833333333,2026:04:28 20:37:23,,,,,,,True
IMG_5161.JPG,40.73003888888889,-73.99810833333333,2026:04:28 20:37:24,,,,,,,True
IMG_5162.JPG,40.730044444444445,-73.99810000000001,2026:04:28 20:37:25,,,,,,,True
IMG_5163.JPG,40.730044444444445,-73.9980861111111,2026:04:28 20:37:26,0/20160903/8eb89b94275011e0/cds-8eb89b94275011e0-20160903-0810.raw/3/dr5rsnsjupgh-dr5rsnsnh01b-cds-8eb89b94275011e0-20160903-0810-60.jpg,34773336,40.730095,-73.998239,59.9,14.06,False
IMG_5164.JPG,40.730044444444445,-73.99806944444444,2026:04:28 20:37:27,,,,,,,True
IMG_5165.JPG,40.73005555555556,-73.99806944444444,2026:04:28 20:37:28,,,,,,,True
IMG_5166.JPG,40.730069444444446,-73.99806111111111,2026:04:28 20:37:29,,,,,,,True
IMG_5167.JPG,40.73008611111111,-73.99805555555555,2026:04:28 20:37:30,,,,,,,True
IMG_5168.JPG,40.73009444444445,-73.99804722222223,2026:04:28 20:37:32,,,,,,,True
IMG_5169.JPG,40.73010277777778,-73.99804722222223,2026:04:28 20:37:33,,,,,,,True
IMG_5170.JPG,40.730113888888894,-73.99803055555556,2026:04:28 20:37:34,0/20160917/6fef7e6f017c3f89/cds-6fef7e6f017c3f89-20160917-1411.raw/3/dr5rsnsntcrz-dr5rsnsntcre-cds-6fef7e6f017c3f89-20160917-1411-37.jpg,38411885,40.730188,-73.99815600000002,-6.92,13.4,False
IMG_5171.JPG,40.73037777777778,-73.9981138888889,2026:04:28 20:38:49,,,,,,,True
IMG_5172.JPG,40.73036944444445,-73.9981138888889,2026:04:28 20:38:51,,,,,,,True
